Workbook

Sheet Cover
B1: IOWA DEPARTMENT OF NATURAL RESOURCES | C1: IOWA DEPARTMENT OF NATURAL RESOURCES | D1: IOWA DEPARTMENT OF NATURAL RESOURCES | E1: IOWA DEPARTMENT OF NATURAL RESOURCES | F1: IOWA DEPARTMENT OF NATURAL RESOURCES | G1: IOWA DEPARTMENT OF NATURAL RESOURCES | H1: IOWA DEPARTMENT OF NATURAL RESOURCES | I1: IOWA DEPARTMENT OF NATURAL RESOURCES | J1: IOWA DEPARTMENT OF NATURAL RESOURCES | K1: IOWA DEPARTMENT OF NATURAL RESOURCES | L1: Form #: | M1: 2
B2: NPDS REPORTING SYSTEM - DISCHARGE MONITORING REPORT | C2: NPDS REPORTING SYSTEM - DISCHARGE MONITORING REPORT | D2: NPDS REPORTING SYSTEM - DISCHARGE MONITORING REPORT | E2: NPDS REPORTING SYSTEM - DISCHARGE MONITORING REPORT | F2: NPDS REPORTING SYSTEM - DISCHARGE MONITORING REPORT | G2: NPDS REPORTING SYSTEM - DISCHARGE MONITORING REPORT | H2: NPDS REPORTING SYSTEM - DISCHARGE MONITORING REPORT | I2: NPDS REPORTING SYSTEM - DISCHARGE MONITORING REPORT | J2: NPDS REPORTING SYSTEM - DISCHARGE MONITORING REPORT | K2: NPDS REPORTING SYSTEM - DISCHARGE MONITORING REPORT | L2: FacilityID: | M2: 1138
B3: FACILITY INFORMATION | C3: FACILITY INFORMATION | D3: FACILITY INFORMATION | E3: FACILITY INFORMATION | F3: FACILITY INFORMATION | G3: FACILITY INFORMATION | H3: FACILITY INFORMATION | I3: FACILITY INFORMATION | J3: FACILITY INFORMATION | K3: FACILITY INFORMATION | L3: PermitID: | M3: 9535
C7: This form is valid 7/1/2025 to 6/30/2030 | D7: This form is valid 7/1/2025 to 6/30/2030 | E7: This form is valid 7/1/2025 to 6/30/2030 | F7: This form is valid 7/1/2025 to 6/30/2030 | G7: This form is valid 7/1/2025 to 6/30/2030 | H7: This form is valid 7/1/2025 to 6/30/2030 | I7: This form is valid 7/1/2025 to 6/30/2030 | J7: This form is valid 7/1/2025 to 6/30/2030 | K7: This form is valid 7/1/2025 to 6/30/2030
A9: Facility Name: | B9: Facility Name: | C9: ROQUETTE AMERICA, INC. | D9: ROQUETTE AMERICA, INC. | E9: ROQUETTE AMERICA, INC. | F9: ROQUETTE AMERICA, INC. | G9: ROQUETTE AMERICA, INC. | H9: ROQUETTE AMERICA, INC. | I9: ROQUETTE AMERICA, INC. | J9: ROQUETTE AMERICA, INC. | K9: ROQUETTE AMERICA, INC.
A11: Permit #: | B11: Permit #: | C11: 5640101 | D11: 5640101
A13: Month/Year: | B13: Month/Year: | C13: 12 | D13: 2025
A15: Outfall #(s): | B15: Outfall #(s): | C15: 001 - BOILER BLOWDOWN AND FLOOR DRAINS
C16: 005 - STORM WATER ASSOCIATED WITH THE COGENERATION FACILITY AND ADJACENT AREAS ALONG AND TO THE WEST OF B STREET.
C17: 006 - STORMWATER FROM THE WEST SIDE OF REFINERIES "C" AND "D"
C18: 007 - STORM WATER FROM THE STARCH PACKAGING AREA AND THE NORTH SIDE OF REFINERY "C".
C19: 009 - REVERSE OSMOSIS REJECT, BOILER BLOWDOWN, DISCHARGE FROM AN EVAPORATIVE COOLER AT THE COGENERATION FACILITY, ONCE THROUGH COOLING WATER, SEAL WATER, ZEOLITE BACKWASH, STEAM CONDENSATE, ROOF DRAINS, AREA DRAINS, COOLING TOWER BLOWDOWN, AND STORMWATER.
C20: 011 - COOLING TOWER BLOWDOWN FROM REFINERY "E" AND REFINERY "F", ROOF DRAINS, AREA DRAINS, SURFACE RUNOFF, SEAL WATER, HEAT EXCHANGER DRAIN DISCHARGE, STORMWATER FROM THE AREA SURROUNDING THE FEEDHOUSE ELEVATOR AND REFINERIES "E" AND "F", AND A ONCE PER YEAR DISCHARGE OF DEIONIZED WATER FROM THE FEEDHOUSE HEAT EXCHANGER.
C21: 012 - WASTEWATER FROM CORN WET MILLING OPERATIONS AND FROM THE PRODUCTION OF SUGAR ALCOHOLS IS TREATED IN AN ACTIVATED SLUDGE PLANT. DISCHARGE ALSO CONSISTS OF OTHER WASTEWATER PLUS STORMWATER FROM THE AREA ADJACENT TO THE WWTP.
C22: 013 - STORMWATER FROM SURFACE INLETS IN THE VICINITY OF THE WET FEED BUNKER AND FROM THE AREA PROXIMATE THE WWTP.
C23: 014 - STORMWATER RUNOFF FROM THE FEED STORAGE AND BARGE FEED LOADOUT AREA.
C24: 015 - STORMWATER RUNOFF AND GROUNDWATER FROM THE BARGE FEED LOADOUT AREA, FEED STORAGE AREA, AND THE EAST SIDE OF THE COAL PILE.
C25: 016 - STORMWATER RUNOFF FROM FORMER CITY OF KEOKUK STORM DRAINS. RUNOFF IS FROM AN AREA BOUNDED BY WILLIAM STREET, C STREET, HWY 136 AND SOAP CREEK.
C26: 019 - INTERNAL WASTESTREAM OF TREATED PROCESS WASTEWATER CONTAINING NICKEL IN REFINERY F
C27: 020 - STORMWATER FROM AREA SURROUNDING THE BOILER AND CBF COMPLEX
A29: Operator Name: | B29: Operator Name: | C29: Jennie Rose
A31: Certification #: | B31: Certification #:
A33: Phone #: | B33: Phone #: | C33: 319-524-5757
A35: Lab Cert. #: | B35: Lab Cert. #: | C35: 328
A37: Comments: | B37: Comments: | C37: Outfall 001: Inactive due to process shutdown for several months. Flow values reflect city water supply measurements. Outfall 019: Missing data due to delay in receiving test results from State Hygienic Lab. Outfall 12: Influent for Phenol - per DMR guidance report "1" for pass or "2" for failure. Lab resluts confirm compliance (Pass).
C41: *Include Comments longer than 1000 characters in email | D41: *Include Comments longer than 1000 characters in email | E41: *Include Comments longer than 1000 characters in email | F41: *Include Comments longer than 1000 characters in email | G41: *Include Comments longer than 1000 characters in email | H41: *Include Comments longer than 1000 characters in email | I41: *Include Comments longer than 1000 characters in email | J41: *Include Comments longer than 1000 characters in email | K41: *Include Comments longer than 1000 characters in email
A44: Signature: | B44: Signature:
C49: I certify under penalty of law that this document and all attachments were prepared under my direction or supervision in accordance with a system designed to assure that qualified personnel properly gather and evaluate the information submitted. Based on my inquiry of the person or persons who manage the system, or those persons directly responsible for gathering the information, the information submitted is, to the best of my knowledge and belief, true, accurate, and complete. I am aware that there are significant penalties for submitting false information, including the possibilityof fine and imprisonment for known violations. | D49: I certify under penalty of law that this document and all attachments were prepared under my direction or supervision in accordance with a system designed to assure that qualified personnel properly gather and evaluate the information submitted. Based on my inquiry of the person or persons who manage the system, or those persons directly responsible for gathering the information, the information submitted is, to the best of my knowledge and belief, true, accurate, and complete. I am aware that there are significant penalties for submitting false information, including the possibilityof fine and imprisonment for known violations. | E49: I certify under penalty of law that this document and all attachments were prepared under my direction or supervision in accordance with a system designed to assure that qualified personnel properly gather and evaluate the information submitted. Based on my inquiry of the person or persons who manage the system, or those persons directly responsible for gathering the information, the information submitted is, to the best of my knowledge and belief, true, accurate, and complete. I am aware that there are significant penalties for submitting false information, including the possibilityof fine and imprisonment for known violations. | F49: I certify under penalty of law that this document and all attachments were prepared under my direction or supervision in accordance with a system designed to assure that qualified personnel properly gather and evaluate the information submitted. Based on my inquiry of the person or persons who manage the system, or those persons directly responsible for gathering the information, the information submitted is, to the best of my knowledge and belief, true, accurate, and complete. I am aware that there are significant penalties for submitting false information, including the possibilityof fine and imprisonment for known violations. | G49: I certify under penalty of law that this document and all attachments were prepared under my direction or supervision in accordance with a system designed to assure that qualified personnel properly gather and evaluate the information submitted. Based on my inquiry of the person or persons who manage the system, or those persons directly responsible for gathering the information, the information submitted is, to the best of my knowledge and belief, true, accurate, and complete. I am aware that there are significant penalties for submitting false information, including the possibilityof fine and imprisonment for known violations. | H49: I certify under penalty of law that this document and all attachments were prepared under my direction or supervision in accordance with a system designed to assure that qualified personnel properly gather and evaluate the information submitted. Based on my inquiry of the person or persons who manage the system, or those persons directly responsible for gathering the information, the information submitted is, to the best of my knowledge and belief, true, accurate, and complete. I am aware that there are significant penalties for submitting false information, including the possibilityof fine and imprisonment for known violations. | I49: I certify under penalty of law that this document and all attachments were prepared under my direction or supervision in accordance with a system designed to assure that qualified personnel properly gather and evaluate the information submitted. Based on my inquiry of the person or persons who manage the system, or those persons directly responsible for gathering the information, the information submitted is, to the best of my knowledge and belief, true, accurate, and complete. I am aware that there are significant penalties for submitting false information, including the possibilityof fine and imprisonment for known violations. | J49: I certify under penalty of law that this document and all attachments were prepared under my direction or supervision in accordance with a system designed to assure that qualified personnel properly gather and evaluate the information submitted. Based on my inquiry of the person or persons who manage the system, or those persons directly responsible for gathering the information, the information submitted is, to the best of my knowledge and belief, true, accurate, and complete. I am aware that there are significant penalties for submitting false information, including the possibilityof fine and imprisonment for known violations. | K49: I certify under penalty of law that this document and all attachments were prepared under my direction or supervision in accordance with a system designed to assure that qualified personnel properly gather and evaluate the information submitted. Based on my inquiry of the person or persons who manage the system, or those persons directly responsible for gathering the information, the information submitted is, to the best of my knowledge and belief, true, accurate, and complete. I am aware that there are significant penalties for submitting false information, including the possibilityof fine and imprisonment for known violations.
C50: I certify under penalty of law that this document and all attachments were prepared under my direction or supervision in accordance with a system designed to assure that qualified personnel properly gather and evaluate the information submitted. Based on my inquiry of the person or persons who manage the system, or those persons directly responsible for gathering the information, the information submitted is, to the best of my knowledge and belief, true, accurate, and complete. I am aware that there are significant penalties for submitting false information, including the possibilityof fine and imprisonment for known violations. | D50: I certify under penalty of law that this document and all attachments were prepared under my direction or supervision in accordance with a system designed to assure that qualified personnel properly gather and evaluate the information submitted. Based on my inquiry of the person or persons who manage the system, or those persons directly responsible for gathering the information, the information submitted is, to the best of my knowledge and belief, true, accurate, and complete. I am aware that there are significant penalties for submitting false information, including the possibilityof fine and imprisonment for known violations. | E50: I certify under penalty of law that this document and all attachments were prepared under my direction or supervision in accordance with a system designed to assure that qualified personnel properly gather and evaluate the information submitted. Based on my inquiry of the person or persons who manage the system, or those persons directly responsible for gathering the information, the information submitted is, to the best of my knowledge and belief, true, accurate, and complete. I am aware that there are significant penalties for submitting false information, including the possibilityof fine and imprisonment for known violations. | F50: I certify under penalty of law that this document and all attachments were prepared under my direction or supervision in accordance with a system designed to assure that qualified personnel properly gather and evaluate the information submitted. Based on my inquiry of the person or persons who manage the system, or those persons directly responsible for gathering the information, the information submitted is, to the best of my knowledge and belief, true, accurate, and complete. I am aware that there are significant penalties for submitting false information, including the possibilityof fine and imprisonment for known violations. | G50: I certify under penalty of law that this document and all attachments were prepared under my direction or supervision in accordance with a system designed to assure that qualified personnel properly gather and evaluate the information submitted. Based on my inquiry of the person or persons who manage the system, or those persons directly responsible for gathering the information, the information submitted is, to the best of my knowledge and belief, true, accurate, and complete. I am aware that there are significant penalties for submitting false information, including the possibilityof fine and imprisonment for known violations. | H50: I certify under penalty of law that this document and all attachments were prepared under my direction or supervision in accordance with a system designed to assure that qualified personnel properly gather and evaluate the information submitted. Based on my inquiry of the person or persons who manage the system, or those persons directly responsible for gathering the information, the information submitted is, to the best of my knowledge and belief, true, accurate, and complete. I am aware that there are significant penalties for submitting false information, including the possibilityof fine and imprisonment for known violations. | I50: I certify under penalty of law that this document and all attachments were prepared under my direction or supervision in accordance with a system designed to assure that qualified personnel properly gather and evaluate the information submitted. Based on my inquiry of the person or persons who manage the system, or those persons directly responsible for gathering the information, the information submitted is, to the best of my knowledge and belief, true, accurate, and complete. I am aware that there are significant penalties for submitting false information, including the possibilityof fine and imprisonment for known violations. | J50: I certify under penalty of law that this document and all attachments were prepared under my direction or supervision in accordance with a system designed to assure that qualified personnel properly gather and evaluate the information submitted. Based on my inquiry of the person or persons who manage the system, or those persons directly responsible for gathering the information, the information submitted is, to the best of my knowledge and belief, true, accurate, and complete. I am aware that there are significant penalties for submitting false information, including the possibilityof fine and imprisonment for known violations. | K50: I certify under penalty of law that this document and all attachments were prepared under my direction or supervision in accordance with a system designed to assure that qualified personnel properly gather and evaluate the information submitted. Based on my inquiry of the person or persons who manage the system, or those persons directly responsible for gathering the information, the information submitted is, to the best of my knowledge and belief, true, accurate, and complete. I am aware that there are significant penalties for submitting false information, including the possibilityof fine and imprisonment for known violations.
C51: I certify under penalty of law that this document and all attachments were prepared under my direction or supervision in accordance with a system designed to assure that qualified personnel properly gather and evaluate the information submitted. Based on my inquiry of the person or persons who manage the system, or those persons directly responsible for gathering the information, the information submitted is, to the best of my knowledge and belief, true, accurate, and complete. I am aware that there are significant penalties for submitting false information, including the possibilityof fine and imprisonment for known violations. | D51: I certify under penalty of law that this document and all attachments were prepared under my direction or supervision in accordance with a system designed to assure that qualified personnel properly gather and evaluate the information submitted. Based on my inquiry of the person or persons who manage the system, or those persons directly responsible for gathering the information, the information submitted is, to the best of my knowledge and belief, true, accurate, and complete. I am aware that there are significant penalties for submitting false information, including the possibilityof fine and imprisonment for known violations. | E51: I certify under penalty of law that this document and all attachments were prepared under my direction or supervision in accordance with a system designed to assure that qualified personnel properly gather and evaluate the information submitted. Based on my inquiry of the person or persons who manage the system, or those persons directly responsible for gathering the information, the information submitted is, to the best of my knowledge and belief, true, accurate, and complete. I am aware that there are significant penalties for submitting false information, including the possibilityof fine and imprisonment for known violations. | F51: I certify under penalty of law that this document and all attachments were prepared under my direction or supervision in accordance with a system designed to assure that qualified personnel properly gather and evaluate the information submitted. Based on my inquiry of the person or persons who manage the system, or those persons directly responsible for gathering the information, the information submitted is, to the best of my knowledge and belief, true, accurate, and complete. I am aware that there are significant penalties for submitting false information, including the possibilityof fine and imprisonment for known violations. | G51: I certify under penalty of law that this document and all attachments were prepared under my direction or supervision in accordance with a system designed to assure that qualified personnel properly gather and evaluate the information submitted. Based on my inquiry of the person or persons who manage the system, or those persons directly responsible for gathering the information, the information submitted is, to the best of my knowledge and belief, true, accurate, and complete. I am aware that there are significant penalties for submitting false information, including the possibilityof fine and imprisonment for known violations. | H51: I certify under penalty of law that this document and all attachments were prepared under my direction or supervision in accordance with a system designed to assure that qualified personnel properly gather and evaluate the information submitted. Based on my inquiry of the person or persons who manage the system, or those persons directly responsible for gathering the information, the information submitted is, to the best of my knowledge and belief, true, accurate, and complete. I am aware that there are significant penalties for submitting false information, including the possibilityof fine and imprisonment for known violations. | I51: I certify under penalty of law that this document and all attachments were prepared under my direction or supervision in accordance with a system designed to assure that qualified personnel properly gather and evaluate the information submitted. Based on my inquiry of the person or persons who manage the system, or those persons directly responsible for gathering the information, the information submitted is, to the best of my knowledge and belief, true, accurate, and complete. I am aware that there are significant penalties for submitting false information, including the possibilityof fine and imprisonment for known violations. | J51: I certify under penalty of law that this document and all attachments were prepared under my direction or supervision in accordance with a system designed to assure that qualified personnel properly gather and evaluate the information submitted. Based on my inquiry of the person or persons who manage the system, or those persons directly responsible for gathering the information, the information submitted is, to the best of my knowledge and belief, true, accurate, and complete. I am aware that there are significant penalties for submitting false information, including the possibilityof fine and imprisonment for known violations. | K51: I certify under penalty of law that this document and all attachments were prepared under my direction or supervision in accordance with a system designed to assure that qualified personnel properly gather and evaluate the information submitted. Based on my inquiry of the person or persons who manage the system, or those persons directly responsible for gathering the information, the information submitted is, to the best of my knowledge and belief, true, accurate, and complete. I am aware that there are significant penalties for submitting false information, including the possibilityof fine and imprisonment for known violations.
C52: I certify under penalty of law that this document and all attachments were prepared under my direction or supervision in accordance with a system designed to assure that qualified personnel properly gather and evaluate the information submitted. Based on my inquiry of the person or persons who manage the system, or those persons directly responsible for gathering the information, the information submitted is, to the best of my knowledge and belief, true, accurate, and complete. I am aware that there are significant penalties for submitting false information, including the possibilityof fine and imprisonment for known violations. | D52: I certify under penalty of law that this document and all attachments were prepared under my direction or supervision in accordance with a system designed to assure that qualified personnel properly gather and evaluate the information submitted. Based on my inquiry of the person or persons who manage the system, or those persons directly responsible for gathering the information, the information submitted is, to the best of my knowledge and belief, true, accurate, and complete. I am aware that there are significant penalties for submitting false information, including the possibilityof fine and imprisonment for known violations. | E52: I certify under penalty of law that this document and all attachments were prepared under my direction or supervision in accordance with a system designed to assure that qualified personnel properly gather and evaluate the information submitted. Based on my inquiry of the person or persons who manage the system, or those persons directly responsible for gathering the information, the information submitted is, to the best of my knowledge and belief, true, accurate, and complete. I am aware that there are significant penalties for submitting false information, including the possibilityof fine and imprisonment for known violations. | F52: I certify under penalty of law that this document and all attachments were prepared under my direction or supervision in accordance with a system designed to assure that qualified personnel properly gather and evaluate the information submitted. Based on my inquiry of the person or persons who manage the system, or those persons directly responsible for gathering the information, the information submitted is, to the best of my knowledge and belief, true, accurate, and complete. I am aware that there are significant penalties for submitting false information, including the possibilityof fine and imprisonment for known violations. | G52: I certify under penalty of law that this document and all attachments were prepared under my direction or supervision in accordance with a system designed to assure that qualified personnel properly gather and evaluate the information submitted. Based on my inquiry of the person or persons who manage the system, or those persons directly responsible for gathering the information, the information submitted is, to the best of my knowledge and belief, true, accurate, and complete. I am aware that there are significant penalties for submitting false information, including the possibilityof fine and imprisonment for known violations. | H52: I certify under penalty of law that this document and all attachments were prepared under my direction or supervision in accordance with a system designed to assure that qualified personnel properly gather and evaluate the information submitted. Based on my inquiry of the person or persons who manage the system, or those persons directly responsible for gathering the information, the information submitted is, to the best of my knowledge and belief, true, accurate, and complete. I am aware that there are significant penalties for submitting false information, including the possibilityof fine and imprisonment for known violations. | I52: I certify under penalty of law that this document and all attachments were prepared under my direction or supervision in accordance with a system designed to assure that qualified personnel properly gather and evaluate the information submitted. Based on my inquiry of the person or persons who manage the system, or those persons directly responsible for gathering the information, the information submitted is, to the best of my knowledge and belief, true, accurate, and complete. I am aware that there are significant penalties for submitting false information, including the possibilityof fine and imprisonment for known violations. | J52: I certify under penalty of law that this document and all attachments were prepared under my direction or supervision in accordance with a system designed to assure that qualified personnel properly gather and evaluate the information submitted. Based on my inquiry of the person or persons who manage the system, or those persons directly responsible for gathering the information, the information submitted is, to the best of my knowledge and belief, true, accurate, and complete. I am aware that there are significant penalties for submitting false information, including the possibilityof fine and imprisonment for known violations. | K52: I certify under penalty of law that this document and all attachments were prepared under my direction or supervision in accordance with a system designed to assure that qualified personnel properly gather and evaluate the information submitted. Based on my inquiry of the person or persons who manage the system, or those persons directly responsible for gathering the information, the information submitted is, to the best of my knowledge and belief, true, accurate, and complete. I am aware that there are significant penalties for submitting false information, including the possibilityof fine and imprisonment for known violations.
C53: I certify under penalty of law that this document and all attachments were prepared under my direction or supervision in accordance with a system designed to assure that qualified personnel properly gather and evaluate the information submitted. Based on my inquiry of the person or persons who manage the system, or those persons directly responsible for gathering the information, the information submitted is, to the best of my knowledge and belief, true, accurate, and complete. I am aware that there are significant penalties for submitting false information, including the possibilityof fine and imprisonment for known violations. | D53: I certify under penalty of law that this document and all attachments were prepared under my direction or supervision in accordance with a system designed to assure that qualified personnel properly gather and evaluate the information submitted. Based on my inquiry of the person or persons who manage the system, or those persons directly responsible for gathering the information, the information submitted is, to the best of my knowledge and belief, true, accurate, and complete. I am aware that there are significant penalties for submitting false information, including the possibilityof fine and imprisonment for known violations. | E53: I certify under penalty of law that this document and all attachments were prepared under my direction or supervision in accordance with a system designed to assure that qualified personnel properly gather and evaluate the information submitted. Based on my inquiry of the person or persons who manage the system, or those persons directly responsible for gathering the information, the information submitted is, to the best of my knowledge and belief, true, accurate, and complete. I am aware that there are significant penalties for submitting false information, including the possibilityof fine and imprisonment for known violations. | F53: I certify under penalty of law that this document and all attachments were prepared under my direction or supervision in accordance with a system designed to assure that qualified personnel properly gather and evaluate the information submitted. Based on my inquiry of the person or persons who manage the system, or those persons directly responsible for gathering the information, the information submitted is, to the best of my knowledge and belief, true, accurate, and complete. I am aware that there are significant penalties for submitting false information, including the possibilityof fine and imprisonment for known violations. | G53: I certify under penalty of law that this document and all attachments were prepared under my direction or supervision in accordance with a system designed to assure that qualified personnel properly gather and evaluate the information submitted. Based on my inquiry of the person or persons who manage the system, or those persons directly responsible for gathering the information, the information submitted is, to the best of my knowledge and belief, true, accurate, and complete. I am aware that there are significant penalties for submitting false information, including the possibilityof fine and imprisonment for known violations. | H53: I certify under penalty of law that this document and all attachments were prepared under my direction or supervision in accordance with a system designed to assure that qualified personnel properly gather and evaluate the information submitted. Based on my inquiry of the person or persons who manage the system, or those persons directly responsible for gathering the information, the information submitted is, to the best of my knowledge and belief, true, accurate, and complete. I am aware that there are significant penalties for submitting false information, including the possibilityof fine and imprisonment for known violations. | I53: I certify under penalty of law that this document and all attachments were prepared under my direction or supervision in accordance with a system designed to assure that qualified personnel properly gather and evaluate the information submitted. Based on my inquiry of the person or persons who manage the system, or those persons directly responsible for gathering the information, the information submitted is, to the best of my knowledge and belief, true, accurate, and complete. I am aware that there are significant penalties for submitting false information, including the possibilityof fine and imprisonment for known violations. | J53: I certify under penalty of law that this document and all attachments were prepared under my direction or supervision in accordance with a system designed to assure that qualified personnel properly gather and evaluate the information submitted. Based on my inquiry of the person or persons who manage the system, or those persons directly responsible for gathering the information, the information submitted is, to the best of my knowledge and belief, true, accurate, and complete. I am aware that there are significant penalties for submitting false information, including the possibilityof fine and imprisonment for known violations. | K53: I certify under penalty of law that this document and all attachments were prepared under my direction or supervision in accordance with a system designed to assure that qualified personnel properly gather and evaluate the information submitted. Based on my inquiry of the person or persons who manage the system, or those persons directly responsible for gathering the information, the information submitted is, to the best of my knowledge and belief, true, accurate, and complete. I am aware that there are significant penalties for submitting false information, including the possibilityof fine and imprisonment for known violations.
C54: I certify under penalty of law that this document and all attachments were prepared under my direction or supervision in accordance with a system designed to assure that qualified personnel properly gather and evaluate the information submitted. Based on my inquiry of the person or persons who manage the system, or those persons directly responsible for gathering the information, the information submitted is, to the best of my knowledge and belief, true, accurate, and complete. I am aware that there are significant penalties for submitting false information, including the possibilityof fine and imprisonment for known violations. | D54: I certify under penalty of law that this document and all attachments were prepared under my direction or supervision in accordance with a system designed to assure that qualified personnel properly gather and evaluate the information submitted. Based on my inquiry of the person or persons who manage the system, or those persons directly responsible for gathering the information, the information submitted is, to the best of my knowledge and belief, true, accurate, and complete. I am aware that there are significant penalties for submitting false information, including the possibilityof fine and imprisonment for known violations. | E54: I certify under penalty of law that this document and all attachments were prepared under my direction or supervision in accordance with a system designed to assure that qualified personnel properly gather and evaluate the information submitted. Based on my inquiry of the person or persons who manage the system, or those persons directly responsible for gathering the information, the information submitted is, to the best of my knowledge and belief, true, accurate, and complete. I am aware that there are significant penalties for submitting false information, including the possibilityof fine and imprisonment for known violations. | F54: I certify under penalty of law that this document and all attachments were prepared under my direction or supervision in accordance with a system designed to assure that qualified personnel properly gather and evaluate the information submitted. Based on my inquiry of the person or persons who manage the system, or those persons directly responsible for gathering the information, the information submitted is, to the best of my knowledge and belief, true, accurate, and complete. I am aware that there are significant penalties for submitting false information, including the possibilityof fine and imprisonment for known violations. | G54: I certify under penalty of law that this document and all attachments were prepared under my direction or supervision in accordance with a system designed to assure that qualified personnel properly gather and evaluate the information submitted. Based on my inquiry of the person or persons who manage the system, or those persons directly responsible for gathering the information, the information submitted is, to the best of my knowledge and belief, true, accurate, and complete. I am aware that there are significant penalties for submitting false information, including the possibilityof fine and imprisonment for known violations. | H54: I certify under penalty of law that this document and all attachments were prepared under my direction or supervision in accordance with a system designed to assure that qualified personnel properly gather and evaluate the information submitted. Based on my inquiry of the person or persons who manage the system, or those persons directly responsible for gathering the information, the information submitted is, to the best of my knowledge and belief, true, accurate, and complete. I am aware that there are significant penalties for submitting false information, including the possibilityof fine and imprisonment for known violations. | I54: I certify under penalty of law that this document and all attachments were prepared under my direction or supervision in accordance with a system designed to assure that qualified personnel properly gather and evaluate the information submitted. Based on my inquiry of the person or persons who manage the system, or those persons directly responsible for gathering the information, the information submitted is, to the best of my knowledge and belief, true, accurate, and complete. I am aware that there are significant penalties for submitting false information, including the possibilityof fine and imprisonment for known violations. | J54: I certify under penalty of law that this document and all attachments were prepared under my direction or supervision in accordance with a system designed to assure that qualified personnel properly gather and evaluate the information submitted. Based on my inquiry of the person or persons who manage the system, or those persons directly responsible for gathering the information, the information submitted is, to the best of my knowledge and belief, true, accurate, and complete. I am aware that there are significant penalties for submitting false information, including the possibilityof fine and imprisonment for known violations. | K54: I certify under penalty of law that this document and all attachments were prepared under my direction or supervision in accordance with a system designed to assure that qualified personnel properly gather and evaluate the information submitted. Based on my inquiry of the person or persons who manage the system, or those persons directly responsible for gathering the information, the information submitted is, to the best of my knowledge and belief, true, accurate, and complete. I am aware that there are significant penalties for submitting false information, including the possibilityof fine and imprisonment for known violations.
C55: I certify under penalty of law that this document and all attachments were prepared under my direction or supervision in accordance with a system designed to assure that qualified personnel properly gather and evaluate the information submitted. Based on my inquiry of the person or persons who manage the system, or those persons directly responsible for gathering the information, the information submitted is, to the best of my knowledge and belief, true, accurate, and complete. I am aware that there are significant penalties for submitting false information, including the possibilityof fine and imprisonment for known violations. | D55: I certify under penalty of law that this document and all attachments were prepared under my direction or supervision in accordance with a system designed to assure that qualified personnel properly gather and evaluate the information submitted. Based on my inquiry of the person or persons who manage the system, or those persons directly responsible for gathering the information, the information submitted is, to the best of my knowledge and belief, true, accurate, and complete. I am aware that there are significant penalties for submitting false information, including the possibilityof fine and imprisonment for known violations. | E55: I certify under penalty of law that this document and all attachments were prepared under my direction or supervision in accordance with a system designed to assure that qualified personnel properly gather and evaluate the information submitted. Based on my inquiry of the person or persons who manage the system, or those persons directly responsible for gathering the information, the information submitted is, to the best of my knowledge and belief, true, accurate, and complete. I am aware that there are significant penalties for submitting false information, including the possibilityof fine and imprisonment for known violations. | F55: I certify under penalty of law that this document and all attachments were prepared under my direction or supervision in accordance with a system designed to assure that qualified personnel properly gather and evaluate the information submitted. Based on my inquiry of the person or persons who manage the system, or those persons directly responsible for gathering the information, the information submitted is, to the best of my knowledge and belief, true, accurate, and complete. I am aware that there are significant penalties for submitting false information, including the possibilityof fine and imprisonment for known violations. | G55: I certify under penalty of law that this document and all attachments were prepared under my direction or supervision in accordance with a system designed to assure that qualified personnel properly gather and evaluate the information submitted. Based on my inquiry of the person or persons who manage the system, or those persons directly responsible for gathering the information, the information submitted is, to the best of my knowledge and belief, true, accurate, and complete. I am aware that there are significant penalties for submitting false information, including the possibilityof fine and imprisonment for known violations. | H55: I certify under penalty of law that this document and all attachments were prepared under my direction or supervision in accordance with a system designed to assure that qualified personnel properly gather and evaluate the information submitted. Based on my inquiry of the person or persons who manage the system, or those persons directly responsible for gathering the information, the information submitted is, to the best of my knowledge and belief, true, accurate, and complete. I am aware that there are significant penalties for submitting false information, including the possibilityof fine and imprisonment for known violations. | I55: I certify under penalty of law that this document and all attachments were prepared under my direction or supervision in accordance with a system designed to assure that qualified personnel properly gather and evaluate the information submitted. Based on my inquiry of the person or persons who manage the system, or those persons directly responsible for gathering the information, the information submitted is, to the best of my knowledge and belief, true, accurate, and complete. I am aware that there are significant penalties for submitting false information, including the possibilityof fine and imprisonment for known violations. | J55: I certify under penalty of law that this document and all attachments were prepared under my direction or supervision in accordance with a system designed to assure that qualified personnel properly gather and evaluate the information submitted. Based on my inquiry of the person or persons who manage the system, or those persons directly responsible for gathering the information, the information submitted is, to the best of my knowledge and belief, true, accurate, and complete. I am aware that there are significant penalties for submitting false information, including the possibilityof fine and imprisonment for known violations. | K55: I certify under penalty of law that this document and all attachments were prepared under my direction or supervision in accordance with a system designed to assure that qualified personnel properly gather and evaluate the information submitted. Based on my inquiry of the person or persons who manage the system, or those persons directly responsible for gathering the information, the information submitted is, to the best of my knowledge and belief, true, accurate, and complete. I am aware that there are significant penalties for submitting false information, including the possibilityof fine and imprisonment for known violations.
C56: I certify under penalty of law that this document and all attachments were prepared under my direction or supervision in accordance with a system designed to assure that qualified personnel properly gather and evaluate the information submitted. Based on my inquiry of the person or persons who manage the system, or those persons directly responsible for gathering the information, the information submitted is, to the best of my knowledge and belief, true, accurate, and complete. I am aware that there are significant penalties for submitting false information, including the possibilityof fine and imprisonment for known violations. | D56: I certify under penalty of law that this document and all attachments were prepared under my direction or supervision in accordance with a system designed to assure that qualified personnel properly gather and evaluate the information submitted. Based on my inquiry of the person or persons who manage the system, or those persons directly responsible for gathering the information, the information submitted is, to the best of my knowledge and belief, true, accurate, and complete. I am aware that there are significant penalties for submitting false information, including the possibilityof fine and imprisonment for known violations. | E56: I certify under penalty of law that this document and all attachments were prepared under my direction or supervision in accordance with a system designed to assure that qualified personnel properly gather and evaluate the information submitted. Based on my inquiry of the person or persons who manage the system, or those persons directly responsible for gathering the information, the information submitted is, to the best of my knowledge and belief, true, accurate, and complete. I am aware that there are significant penalties for submitting false information, including the possibilityof fine and imprisonment for known violations. | F56: I certify under penalty of law that this document and all attachments were prepared under my direction or supervision in accordance with a system designed to assure that qualified personnel properly gather and evaluate the information submitted. Based on my inquiry of the person or persons who manage the system, or those persons directly responsible for gathering the information, the information submitted is, to the best of my knowledge and belief, true, accurate, and complete. I am aware that there are significant penalties for submitting false information, including the possibilityof fine and imprisonment for known violations. | G56: I certify under penalty of law that this document and all attachments were prepared under my direction or supervision in accordance with a system designed to assure that qualified personnel properly gather and evaluate the information submitted. Based on my inquiry of the person or persons who manage the system, or those persons directly responsible for gathering the information, the information submitted is, to the best of my knowledge and belief, true, accurate, and complete. I am aware that there are significant penalties for submitting false information, including the possibilityof fine and imprisonment for known violations. | H56: I certify under penalty of law that this document and all attachments were prepared under my direction or supervision in accordance with a system designed to assure that qualified personnel properly gather and evaluate the information submitted. Based on my inquiry of the person or persons who manage the system, or those persons directly responsible for gathering the information, the information submitted is, to the best of my knowledge and belief, true, accurate, and complete. I am aware that there are significant penalties for submitting false information, including the possibilityof fine and imprisonment for known violations. | I56: I certify under penalty of law that this document and all attachments were prepared under my direction or supervision in accordance with a system designed to assure that qualified personnel properly gather and evaluate the information submitted. Based on my inquiry of the person or persons who manage the system, or those persons directly responsible for gathering the information, the information submitted is, to the best of my knowledge and belief, true, accurate, and complete. I am aware that there are significant penalties for submitting false information, including the possibilityof fine and imprisonment for known violations. | J56: I certify under penalty of law that this document and all attachments were prepared under my direction or supervision in accordance with a system designed to assure that qualified personnel properly gather and evaluate the information submitted. Based on my inquiry of the person or persons who manage the system, or those persons directly responsible for gathering the information, the information submitted is, to the best of my knowledge and belief, true, accurate, and complete. I am aware that there are significant penalties for submitting false information, including the possibilityof fine and imprisonment for known violations. | K56: I certify under penalty of law that this document and all attachments were prepared under my direction or supervision in accordance with a system designed to assure that qualified personnel properly gather and evaluate the information submitted. Based on my inquiry of the person or persons who manage the system, or those persons directly responsible for gathering the information, the information submitted is, to the best of my knowledge and belief, true, accurate, and complete. I am aware that there are significant penalties for submitting false information, including the possibilityof fine and imprisonment for known violations.
C57: I certify under penalty of law that this document and all attachments were prepared under my direction or supervision in accordance with a system designed to assure that qualified personnel properly gather and evaluate the information submitted. Based on my inquiry of the person or persons who manage the system, or those persons directly responsible for gathering the information, the information submitted is, to the best of my knowledge and belief, true, accurate, and complete. I am aware that there are significant penalties for submitting false information, including the possibilityof fine and imprisonment for known violations. | D57: I certify under penalty of law that this document and all attachments were prepared under my direction or supervision in accordance with a system designed to assure that qualified personnel properly gather and evaluate the information submitted. Based on my inquiry of the person or persons who manage the system, or those persons directly responsible for gathering the information, the information submitted is, to the best of my knowledge and belief, true, accurate, and complete. I am aware that there are significant penalties for submitting false information, including the possibilityof fine and imprisonment for known violations. | E57: I certify under penalty of law that this document and all attachments were prepared under my direction or supervision in accordance with a system designed to assure that qualified personnel properly gather and evaluate the information submitted. Based on my inquiry of the person or persons who manage the system, or those persons directly responsible for gathering the information, the information submitted is, to the best of my knowledge and belief, true, accurate, and complete. I am aware that there are significant penalties for submitting false information, including the possibilityof fine and imprisonment for known violations. | F57: I certify under penalty of law that this document and all attachments were prepared under my direction or supervision in accordance with a system designed to assure that qualified personnel properly gather and evaluate the information submitted. Based on my inquiry of the person or persons who manage the system, or those persons directly responsible for gathering the information, the information submitted is, to the best of my knowledge and belief, true, accurate, and complete. I am aware that there are significant penalties for submitting false information, including the possibilityof fine and imprisonment for known violations. | G57: I certify under penalty of law that this document and all attachments were prepared under my direction or supervision in accordance with a system designed to assure that qualified personnel properly gather and evaluate the information submitted. Based on my inquiry of the person or persons who manage the system, or those persons directly responsible for gathering the information, the information submitted is, to the best of my knowledge and belief, true, accurate, and complete. I am aware that there are significant penalties for submitting false information, including the possibilityof fine and imprisonment for known violations. | H57: I certify under penalty of law that this document and all attachments were prepared under my direction or supervision in accordance with a system designed to assure that qualified personnel properly gather and evaluate the information submitted. Based on my inquiry of the person or persons who manage the system, or those persons directly responsible for gathering the information, the information submitted is, to the best of my knowledge and belief, true, accurate, and complete. I am aware that there are significant penalties for submitting false information, including the possibilityof fine and imprisonment for known violations. | I57: I certify under penalty of law that this document and all attachments were prepared under my direction or supervision in accordance with a system designed to assure that qualified personnel properly gather and evaluate the information submitted. Based on my inquiry of the person or persons who manage the system, or those persons directly responsible for gathering the information, the information submitted is, to the best of my knowledge and belief, true, accurate, and complete. I am aware that there are significant penalties for submitting false information, including the possibilityof fine and imprisonment for known violations. | J57: I certify under penalty of law that this document and all attachments were prepared under my direction or supervision in accordance with a system designed to assure that qualified personnel properly gather and evaluate the information submitted. Based on my inquiry of the person or persons who manage the system, or those persons directly responsible for gathering the information, the information submitted is, to the best of my knowledge and belief, true, accurate, and complete. I am aware that there are significant penalties for submitting false information, including the possibilityof fine and imprisonment for known violations. | K57: I certify under penalty of law that this document and all attachments were prepared under my direction or supervision in accordance with a system designed to assure that qualified personnel properly gather and evaluate the information submitted. Based on my inquiry of the person or persons who manage the system, or those persons directly responsible for gathering the information, the information submitted is, to the best of my knowledge and belief, true, accurate, and complete. I am aware that there are significant penalties for submitting false information, including the possibilityof fine and imprisonment for known violations.
C58: I certify under penalty of law that this document and all attachments were prepared under my direction or supervision in accordance with a system designed to assure that qualified personnel properly gather and evaluate the information submitted. Based on my inquiry of the person or persons who manage the system, or those persons directly responsible for gathering the information, the information submitted is, to the best of my knowledge and belief, true, accurate, and complete. I am aware that there are significant penalties for submitting false information, including the possibilityof fine and imprisonment for known violations. | D58: I certify under penalty of law that this document and all attachments were prepared under my direction or supervision in accordance with a system designed to assure that qualified personnel properly gather and evaluate the information submitted. Based on my inquiry of the person or persons who manage the system, or those persons directly responsible for gathering the information, the information submitted is, to the best of my knowledge and belief, true, accurate, and complete. I am aware that there are significant penalties for submitting false information, including the possibilityof fine and imprisonment for known violations. | E58: I certify under penalty of law that this document and all attachments were prepared under my direction or supervision in accordance with a system designed to assure that qualified personnel properly gather and evaluate the information submitted. Based on my inquiry of the person or persons who manage the system, or those persons directly responsible for gathering the information, the information submitted is, to the best of my knowledge and belief, true, accurate, and complete. I am aware that there are significant penalties for submitting false information, including the possibilityof fine and imprisonment for known violations. | F58: I certify under penalty of law that this document and all attachments were prepared under my direction or supervision in accordance with a system designed to assure that qualified personnel properly gather and evaluate the information submitted. Based on my inquiry of the person or persons who manage the system, or those persons directly responsible for gathering the information, the information submitted is, to the best of my knowledge and belief, true, accurate, and complete. I am aware that there are significant penalties for submitting false information, including the possibilityof fine and imprisonment for known violations. | G58: I certify under penalty of law that this document and all attachments were prepared under my direction or supervision in accordance with a system designed to assure that qualified personnel properly gather and evaluate the information submitted. Based on my inquiry of the person or persons who manage the system, or those persons directly responsible for gathering the information, the information submitted is, to the best of my knowledge and belief, true, accurate, and complete. I am aware that there are significant penalties for submitting false information, including the possibilityof fine and imprisonment for known violations. | H58: I certify under penalty of law that this document and all attachments were prepared under my direction or supervision in accordance with a system designed to assure that qualified personnel properly gather and evaluate the information submitted. Based on my inquiry of the person or persons who manage the system, or those persons directly responsible for gathering the information, the information submitted is, to the best of my knowledge and belief, true, accurate, and complete. I am aware that there are significant penalties for submitting false information, including the possibilityof fine and imprisonment for known violations. | I58: I certify under penalty of law that this document and all attachments were prepared under my direction or supervision in accordance with a system designed to assure that qualified personnel properly gather and evaluate the information submitted. Based on my inquiry of the person or persons who manage the system, or those persons directly responsible for gathering the information, the information submitted is, to the best of my knowledge and belief, true, accurate, and complete. I am aware that there are significant penalties for submitting false information, including the possibilityof fine and imprisonment for known violations. | J58: I certify under penalty of law that this document and all attachments were prepared under my direction or supervision in accordance with a system designed to assure that qualified personnel properly gather and evaluate the information submitted. Based on my inquiry of the person or persons who manage the system, or those persons directly responsible for gathering the information, the information submitted is, to the best of my knowledge and belief, true, accurate, and complete. I am aware that there are significant penalties for submitting false information, including the possibilityof fine and imprisonment for known violations. | K58: I certify under penalty of law that this document and all attachments were prepared under my direction or supervision in accordance with a system designed to assure that qualified personnel properly gather and evaluate the information submitted. Based on my inquiry of the person or persons who manage the system, or those persons directly responsible for gathering the information, the information submitted is, to the best of my knowledge and belief, true, accurate, and complete. I am aware that there are significant penalties for submitting false information, including the possibilityof fine and imprisonment for known violations.

Sheet 001-EFFLUENT
A1: Permit # | B1: 5640101 | E1: Monthly Operation Report IOWA DEPARTMENT OF NATURAL RESOURCES NPDS - Operation Permit System EFFLUENT Data | F1: Monthly Operation Report IOWA DEPARTMENT OF NATURAL RESOURCES NPDS - Operation Permit System EFFLUENT Data | G1: Monthly Operation Report IOWA DEPARTMENT OF NATURAL RESOURCES NPDS - Operation Permit System EFFLUENT Data
A2: Facility Name: | B2: ROQUETTE AMERICA, INC. | C2: ROQUETTE AMERICA, INC. | D2: ROQUETTE AMERICA, INC. | E2: Monthly Operation Report IOWA DEPARTMENT OF NATURAL RESOURCES NPDS - Operation Permit System EFFLUENT Data | F2: Monthly Operation Report IOWA DEPARTMENT OF NATURAL RESOURCES NPDS - Operation Permit System EFFLUENT Data | G2: Monthly Operation Report IOWA DEPARTMENT OF NATURAL RESOURCES NPDS - Operation Permit System EFFLUENT Data
B3: ROQUETTE AMERICA, INC. | C3: ROQUETTE AMERICA, INC. | D3: ROQUETTE AMERICA, INC. | E3: Monthly Operation Report IOWA DEPARTMENT OF NATURAL RESOURCES NPDS - Operation Permit System EFFLUENT Data | F3: Monthly Operation Report IOWA DEPARTMENT OF NATURAL RESOURCES NPDS - Operation Permit System EFFLUENT Data | G3: Monthly Operation Report IOWA DEPARTMENT OF NATURAL RESOURCES NPDS - Operation Permit System EFFLUENT Data
E4: Monthly Operation Report IOWA DEPARTMENT OF NATURAL RESOURCES NPDS - Operation Permit System EFFLUENT Data | F4: Monthly Operation Report IOWA DEPARTMENT OF NATURAL RESOURCES NPDS - Operation Permit System EFFLUENT Data | G4: Monthly Operation Report IOWA DEPARTMENT OF NATURAL RESOURCES NPDS - Operation Permit System EFFLUENT Data
A5: Outfall #: | B5: 001
A6: Month/Year: | B6: =Cover!C13 & "-" & Cover!D13 -> 12-2025
A9: Mon. Point | B9: BOILER BLOWDOWN LINE WITHIN CFB BUILDING | C9: BOILER BLOWDOWN LINE WITHIN CFB BUILDING | D9: BOILER BLOWDOWN LINE WITHIN CFB BUILDING | E9: BOILER BLOWDOWN LINE WITHIN CFB BUILDING | F9: BOILER BLOWDOWN LINE WITHIN CFB BUILDING | G9: BOILER BLOWDOWN LINE WITHIN CFB BUILDING | H9: BOILER BLOWDOWN LINE WITHIN CFB BUILDING
A10: Parameter | B10: FLOW | C10: TSS | D10: TSS | E10: TRC | F10: TRC | G10: TEMP | H10: PH
A11: Units | B11: MGD | C11: MG/L | D11: LBS/DAY | E11: MG/L | F11: LBS/DAY | G11: FAHRENHEIT | H11: STD UNITS
A12: Frequency | B12: 1 EVERY MONTH | C12: 1 EVERY 3 MONTHS | D12: 1 EVERY 3 MONTHS | E12: 1 EVERY MONTH | F12: 1 EVERY MONTH | G12: 1 EVERY MONTH | H12: 1 EVERY MONTH
A13: Start Date | B13: Permit Duration | C13: Permit Duration | D13: Permit Duration | E13: Permit Duration | F13: Permit Duration | G13: Permit Duration | H13: Permit Duration
A14: End Date | B14: Permit Duration | C14: Permit Duration | D14: Permit Duration | E14: Permit Duration | F14: Permit Duration | G14: Permit Duration | H14: Permit Duration
A15: No Discharge | B15: 13 - NO DISCHARGE | C15: 13 - NO DISCHARGE | D15: 13 - NO DISCHARGE | E15: 13 - NO DISCHARGE | F15: 13 - NO DISCHARGE | G15: 13 - NO DISCHARGE | H15: 13 - NO DISCHARGE
A16: LOQ
A17: MonReq ID | B17: 142763 | C17: 142764 | D17: 142764 | E17: 142765 | F17: 142765 | G17: 144289 | H17: 142766
A18: UnitID | B18: 157 | C18: 162 | D18: 164 | E18: 162 | F18: 164 | G18: 159 | H18: 156
A19: Day: 1 | B19: 0.000236566 | D19: =IF(LEFT(C19,1)="<","<",IF(AND(ISNUMBER('001-EFFLUENT'!B65),ISNUMBER(C65)),SUM(('001-EFFLUENT'!B65 * C65) * 8.34),"")) | F19: =IF(LEFT(E19,1)="<","<",IF(AND(ISNUMBER('001-EFFLUENT'!B65),ISNUMBER(E65)),SUM(('001-EFFLUENT'!B65 * E65) * 8.34),""))
A20: 2 | B20: 0.00016111 | D20: =IF(LEFT(C20,1)="<","<",IF(AND(ISNUMBER('001-EFFLUENT'!B66),ISNUMBER(C66)),SUM(('001-EFFLUENT'!B66 * C66) * 8.34),"")) | F20: =IF(LEFT(E20,1)="<","<",IF(AND(ISNUMBER('001-EFFLUENT'!B66),ISNUMBER(E66)),SUM(('001-EFFLUENT'!B66 * E66) * 8.34),""))
A21: 3 | B21: 0.00013732 | D21: =IF(LEFT(C21,1)="<","<",IF(AND(ISNUMBER('001-EFFLUENT'!B67),ISNUMBER(C67)),SUM(('001-EFFLUENT'!B67 * C67) * 8.34),"")) | F21: =IF(LEFT(E21,1)="<","<",IF(AND(ISNUMBER('001-EFFLUENT'!B67),ISNUMBER(E67)),SUM(('001-EFFLUENT'!B67 * E67) * 8.34),""))
A22: 4 | B22: 0 | D22: =IF(LEFT(C22,1)="<","<",IF(AND(ISNUMBER('001-EFFLUENT'!B68),ISNUMBER(C68)),SUM(('001-EFFLUENT'!B68 * C68) * 8.34),"")) | F22: =IF(LEFT(E22,1)="<","<",IF(AND(ISNUMBER('001-EFFLUENT'!B68),ISNUMBER(E68)),SUM(('001-EFFLUENT'!B68 * E68) * 8.34),""))
A23: 5 | B23: 0 | D23: =IF(LEFT(C23,1)="<","<",IF(AND(ISNUMBER('001-EFFLUENT'!B69),ISNUMBER(C69)),SUM(('001-EFFLUENT'!B69 * C69) * 8.34),"")) | F23: =IF(LEFT(E23,1)="<","<",IF(AND(ISNUMBER('001-EFFLUENT'!B69),ISNUMBER(E69)),SUM(('001-EFFLUENT'!B69 * E69) * 8.34),""))
A24: 6 | B24: 0.000208067 | D24: =IF(LEFT(C24,1)="<","<",IF(AND(ISNUMBER('001-EFFLUENT'!B70),ISNUMBER(C70)),SUM(('001-EFFLUENT'!B70 * C70) * 8.34),"")) | F24: =IF(LEFT(E24,1)="<","<",IF(AND(ISNUMBER('001-EFFLUENT'!B70),ISNUMBER(E70)),SUM(('001-EFFLUENT'!B70 * E70) * 8.34),""))
A25: 7 | B25: 0.000201867 | D25: =IF(LEFT(C25,1)="<","<",IF(AND(ISNUMBER('001-EFFLUENT'!B71),ISNUMBER(C71)),SUM(('001-EFFLUENT'!B71 * C71) * 8.34),"")) | F25: =IF(LEFT(E25,1)="<","<",IF(AND(ISNUMBER('001-EFFLUENT'!B71),ISNUMBER(E71)),SUM(('001-EFFLUENT'!B71 * E71) * 8.34),""))
A26: 8 | B26: 0 | D26: =IF(LEFT(C26,1)="<","<",IF(AND(ISNUMBER('001-EFFLUENT'!B72),ISNUMBER(C72)),SUM(('001-EFFLUENT'!B72 * C72) * 8.34),"")) | F26: =IF(LEFT(E26,1)="<","<",IF(AND(ISNUMBER('001-EFFLUENT'!B72),ISNUMBER(E72)),SUM(('001-EFFLUENT'!B72 * E72) * 8.34),""))
A27: 9 | B27: 0.000267544 | D27: =IF(LEFT(C27,1)="<","<",IF(AND(ISNUMBER('001-EFFLUENT'!B73),ISNUMBER(C73)),SUM(('001-EFFLUENT'!B73 * C73) * 8.34),"")) | F27: =IF(LEFT(E27,1)="<","<",IF(AND(ISNUMBER('001-EFFLUENT'!B73),ISNUMBER(E73)),SUM(('001-EFFLUENT'!B73 * E73) * 8.34),""))
A28: 10 | B28: 0.000270547 | D28: =IF(LEFT(C28,1)="<","<",IF(AND(ISNUMBER('001-EFFLUENT'!B74),ISNUMBER(C74)),SUM(('001-EFFLUENT'!B74 * C74) * 8.34),"")) | F28: =IF(LEFT(E28,1)="<","<",IF(AND(ISNUMBER('001-EFFLUENT'!B74),ISNUMBER(E74)),SUM(('001-EFFLUENT'!B74 * E74) * 8.34),"")) | G28: 0
A29: 11 | B29: 0.000191416 | D29: =IF(LEFT(C29,1)="<","<",IF(AND(ISNUMBER('001-EFFLUENT'!B75),ISNUMBER(C75)),SUM(('001-EFFLUENT'!B75 * C75) * 8.34),"")) | F29: =IF(LEFT(E29,1)="<","<",IF(AND(ISNUMBER('001-EFFLUENT'!B75),ISNUMBER(E75)),SUM(('001-EFFLUENT'!B75 * E75) * 8.34),""))
A30: 12 | B30: 0.000223009 | D30: =IF(LEFT(C30,1)="<","<",IF(AND(ISNUMBER('001-EFFLUENT'!B76),ISNUMBER(C76)),SUM(('001-EFFLUENT'!B76 * C76) * 8.34),"")) | F30: =IF(LEFT(E30,1)="<","<",IF(AND(ISNUMBER('001-EFFLUENT'!B76),ISNUMBER(E76)),SUM(('001-EFFLUENT'!B76 * E76) * 8.34),""))
A31: 13 | B31: 0 | D31: =IF(LEFT(C31,1)="<","<",IF(AND(ISNUMBER('001-EFFLUENT'!B77),ISNUMBER(C77)),SUM(('001-EFFLUENT'!B77 * C77) * 8.34),"")) | F31: =IF(LEFT(E31,1)="<","<",IF(AND(ISNUMBER('001-EFFLUENT'!B77),ISNUMBER(E77)),SUM(('001-EFFLUENT'!B77 * E77) * 8.34),""))
A32: 14 | B32: 0 | D32: =IF(LEFT(C32,1)="<","<",IF(AND(ISNUMBER('001-EFFLUENT'!B78),ISNUMBER(C78)),SUM(('001-EFFLUENT'!B78 * C78) * 8.34),"")) | F32: =IF(LEFT(E32,1)="<","<",IF(AND(ISNUMBER('001-EFFLUENT'!B78),ISNUMBER(E78)),SUM(('001-EFFLUENT'!B78 * E78) * 8.34),""))
A33: 15 | B33: 0 | D33: =IF(LEFT(C33,1)="<","<",IF(AND(ISNUMBER('001-EFFLUENT'!B79),ISNUMBER(C79)),SUM(('001-EFFLUENT'!B79 * C79) * 8.34),"")) | F33: =IF(LEFT(E33,1)="<","<",IF(AND(ISNUMBER('001-EFFLUENT'!B79),ISNUMBER(E79)),SUM(('001-EFFLUENT'!B79 * E79) * 8.34),""))
A34: 16 | B34: 0.000267117 | D34: =IF(LEFT(C34,1)="<","<",IF(AND(ISNUMBER('001-EFFLUENT'!B80),ISNUMBER(C80)),SUM(('001-EFFLUENT'!B80 * C80) * 8.34),"")) | F34: =IF(LEFT(E34,1)="<","<",IF(AND(ISNUMBER('001-EFFLUENT'!B80),ISNUMBER(E80)),SUM(('001-EFFLUENT'!B80 * E80) * 8.34),""))
A35: 17 | B35: 0.000279593 | D35: =IF(LEFT(C35,1)="<","<",IF(AND(ISNUMBER('001-EFFLUENT'!B81),ISNUMBER(C81)),SUM(('001-EFFLUENT'!B81 * C81) * 8.34),"")) | F35: =IF(LEFT(E35,1)="<","<",IF(AND(ISNUMBER('001-EFFLUENT'!B81),ISNUMBER(E81)),SUM(('001-EFFLUENT'!B81 * E81) * 8.34),""))
A36: 18 | B36: 0.000307627 | D36: =IF(LEFT(C36,1)="<","<",IF(AND(ISNUMBER('001-EFFLUENT'!B82),ISNUMBER(C82)),SUM(('001-EFFLUENT'!B82 * C82) * 8.34),"")) | F36: =IF(LEFT(E36,1)="<","<",IF(AND(ISNUMBER('001-EFFLUENT'!B82),ISNUMBER(E82)),SUM(('001-EFFLUENT'!B82 * E82) * 8.34),""))
A37: 19 | B37: 0.000207341 | D37: =IF(LEFT(C37,1)="<","<",IF(AND(ISNUMBER('001-EFFLUENT'!B83),ISNUMBER(C83)),SUM(('001-EFFLUENT'!B83 * C83) * 8.34),"")) | F37: =IF(LEFT(E37,1)="<","<",IF(AND(ISNUMBER('001-EFFLUENT'!B83),ISNUMBER(E83)),SUM(('001-EFFLUENT'!B83 * E83) * 8.34),""))
A38: 20 | B38: 0.000246303 | D38: =IF(LEFT(C38,1)="<","<",IF(AND(ISNUMBER('001-EFFLUENT'!B84),ISNUMBER(C84)),SUM(('001-EFFLUENT'!B84 * C84) * 8.34),"")) | F38: =IF(LEFT(E38,1)="<","<",IF(AND(ISNUMBER('001-EFFLUENT'!B84),ISNUMBER(E84)),SUM(('001-EFFLUENT'!B84 * E84) * 8.34),""))
A39: 21 | B39: 0.000213156 | D39: =IF(LEFT(C39,1)="<","<",IF(AND(ISNUMBER('001-EFFLUENT'!B85),ISNUMBER(C85)),SUM(('001-EFFLUENT'!B85 * C85) * 8.34),"")) | F39: =IF(LEFT(E39,1)="<","<",IF(AND(ISNUMBER('001-EFFLUENT'!B85),ISNUMBER(E85)),SUM(('001-EFFLUENT'!B85 * E85) * 8.34),""))
A40: 22 | B40: 0.00025018 | D40: =IF(LEFT(C40,1)="<","<",IF(AND(ISNUMBER('001-EFFLUENT'!B86),ISNUMBER(C86)),SUM(('001-EFFLUENT'!B86 * C86) * 8.34),"")) | F40: =IF(LEFT(E40,1)="<","<",IF(AND(ISNUMBER('001-EFFLUENT'!B86),ISNUMBER(E86)),SUM(('001-EFFLUENT'!B86 * E86) * 8.34),""))
... A49: 31 | B49: 0.000378283 | D49: =IF(LEFT(C49,1)="<","<",IF(AND(ISNUMBER('001-EFFLUENT'!B95),ISNUMBER(C95)),SUM(('001-EFFLUENT'!B95 * C95) * 8.34),"")) | F49: =IF(LEFT(E49,1)="<","<",IF(AND(ISNUMBER('001-EFFLUENT'!B95),ISNUMBER(E95)),SUM(('001-EFFLUENT'!B95 * E95) * 8.34),""))
D50: =IF(LEFT(C50,1)="<","<",IF(AND(ISNUMBER('001-EFFLUENT'!B96),ISNUMBER(C96)),SUM(('001-EFFLUENT'!B96 * C96) * 8.34),"")) | F50: =IF(LEFT(E50,1)="<","<",IF(AND(ISNUMBER('001-EFFLUENT'!B96),ISNUMBER(E96)),SUM(('001-EFFLUENT'!B96 * E96) * 8.34),""))
A51: Total | B51: =IF(COUNTA(B19:B50)>0,SUM(B65:B96),"") -> 0.007883648 | C51: =IF(COUNTA(C19:C50)>0,SUM(C65:C96),"") | D51: =IF(COUNTA(D19:D50)>0,SUM(D65:D96),"") -> 0 | E51: =IF(COUNTA(E19:E50)>0,SUM(E65:E96),"") | F51: =IF(COUNTA(F19:F50)>0,SUM(F65:F96),"") -> 0 | G51: =IF(COUNTA(G19:G50)>0,SUM(G65:G96),"") -> 0 | H51: =IF(COUNTA(H19:H50)>0,SUM(H65:H96),"")
A52: Monthly Avg. | B52: =IF(ISNUMBER(AVERAGE(B65:B96)),AVERAGE(B65:B96),"") -> 0.00025431123 | C52: =IF(ISNUMBER(AVERAGE(C65:C96)),AVERAGE(C65:C96),"") | D52: =IF(ISNUMBER(AVERAGE(D65:D96)),AVERAGE(D65:D96),"") | E52: =IF(ISNUMBER(AVERAGE(E65:E96)),AVERAGE(E65:E96),"") | F52: =IF(ISNUMBER(AVERAGE(F65:F96)),AVERAGE(F65:F96),"") | G52: =IF(ISNUMBER(AVERAGE(G65:G96)),AVERAGE(G65:G96),"") -> 0 | H52: =IF(ISNUMBER(AVERAGE(H65:H96)),AVERAGE(H65:H96),"")
A53: Daily Max. | B53: =IF(MAX(B65:B96)=0,"",MAX(B65:B96)) -> 0.000796825 | C53: =IF(MAX(C65:C96)=0,"",MAX(C65:C96)) | D53: =IF(MAX(D65:D96)=0,"",MAX(D65:D96)) | E53: =IF(MAX(E65:E96)=0,"",MAX(E65:E96)) | F53: =IF(MAX(F65:F96)=0,"",MAX(F65:F96)) | G53: =IF(MAX(G65:G96)=0,"",MAX(G65:G96)) | H53: =IF(MAX(H65:H96)=0,"",MAX(H65:H96))
A54: Daily Min. | B54: =IF(MIN(B65:B96)=0,"",MIN(B65:B96)) | C54: =IF(MIN(C65:C96)=0,"",MIN(C65:C96)) | D54: =IF(MIN(D65:D96)=0,"",MIN(D65:D96)) | E54: =IF(MIN(E65:E96)=0,"",MIN(E65:E96)) | F54: =IF(MIN(F65:F96)=0,"",MIN(F65:F96)) | G54: =IF(MIN(G65:G96)=0,"",MIN(G65:G96)) | H54: =IF(MIN(H65:H96)=0,"",MIN(H65:H96))
A55: Max. 7/Avg. | B55: =IF(MAX(B57:B60)=0,"",MAX(B57:B60)) -> 0.00056549886 | C55: =IF(MAX(C57:C60)=0,"",MAX(C57:C60)) | D55: =IF(MAX(D57:D60)=0,"",MAX(D57:D60)) | E55: =IF(MAX(E57:E60)=0,"",MAX(E57:E60)) | F55: =IF(MAX(F57:F60)=0,"",MAX(F57:F60)) | G55: =IF(MAX(G57:G60)=0,"",MAX(G57:G60)) | H55: =IF(MAX(H57:H60)=0,"",MAX(H57:H60))
A57: Week 1 Avg. | B57: =IF(SUM(B65:B71)>0,AVERAGE(B65:B71),"") -> 0.00013499 | C57: =IF(SUM(C65:C71)>0,AVERAGE(C65:C71),"") | D57: =IF(SUM(D65:D71)>0,AVERAGE(D65:D71),"") | E57: =IF(SUM(E65:E71)>0,AVERAGE(E65:E71),"") | F57: =IF(SUM(F65:F71)>0,AVERAGE(F65:F71),"") | G57: =IF(SUM(G65:G71)>0,AVERAGE(G65:G71),"") | H57: =IF(SUM(H65:H71)>0,AVERAGE(H65:H71),"")
A58: Week 2 Avg. | B58: =IF(SUM(B72:B78)>0,AVERAGE(B72:B78),"") -> 0.00013607371 | C58: =IF(SUM(C72:C78)>0,AVERAGE(C72:C78),"") | D58: =IF(SUM(D72:D78)>0,AVERAGE(D72:D78),"") | E58: =IF(SUM(E72:E78)>0,AVERAGE(E72:E78),"") | F58: =IF(SUM(F72:F78)>0,AVERAGE(F72:F78),"") | G58: =IF(SUM(G72:G78)>0,AVERAGE(G72:G78),"") | H58: =IF(SUM(H72:H78)>0,AVERAGE(H72:H78),"")
A59: Week 3 Avg. | B59: =IF(SUM(B79:B85)>0,AVERAGE(B79:B85),"") -> 0.00021730529 | C59: =IF(SUM(C79:C85)>0,AVERAGE(C79:C85),"") | D59: =IF(SUM(D79:D85)>0,AVERAGE(D79:D85),"") | E59: =IF(SUM(E79:E85)>0,AVERAGE(E79:E85),"") | F59: =IF(SUM(F79:F85)>0,AVERAGE(F79:F85),"") | G59: =IF(SUM(G79:G85)>0,AVERAGE(G79:G85),"") | H59: =IF(SUM(H79:H85)>0,AVERAGE(H79:H85),"")
A60: Week 4 Avg. | B60: =IF(SUM(B86:B92)>0,AVERAGE(B86:B92),"") -> 0.00056549886 | C60: =IF(SUM(C86:C92)>0,AVERAGE(C86:C92),"") | D60: =IF(SUM(D86:D92)>0,AVERAGE(D86:D92),"") | E60: =IF(SUM(E86:E92)>0,AVERAGE(E86:E92),"") | F60: =IF(SUM(F86:F92)>0,AVERAGE(F86:F92),"") | G60: =IF(SUM(G86:G92)>0,AVERAGE(G86:G92),"") | H60: =IF(SUM(H86:H92)>0,AVERAGE(H86:H92),"")
A65: Calc: 1 | B65: =IF(LEFT(B19,1) = "<",0, IF(ISBLANK(B19),"",B19)) -> 0.000236566 | C65: =IF(LEFT(C19,1) = "<",0, IF(ISBLANK(C19),"",C19)) | D65: =IF(LEFT(D19,1) = "<",0, IF(ISBLANK(D19),"",D19)) | E65: =IF(LEFT(E19,1) = "<",0, IF(ISBLANK(E19),"",E19)) | F65: =IF(LEFT(F19,1) = "<",0, IF(ISBLANK(F19),"",F19)) | G65: =IF(LEFT(G19,1) = "<",0, IF(ISBLANK(G19),"",G19)) | H65: =IF(LEFT(H19,1) = "<",0, IF(ISBLANK(H19),"",H19))
A66: Calc: 2 | B66: =IF(LEFT(B20,1) = "<",0, IF(ISBLANK(B20),"",B20)) -> 0.00016111 | C66: =IF(LEFT(C20,1) = "<",0, IF(ISBLANK(C20),"",C20)) | D66: =IF(LEFT(D20,1) = "<",0, IF(ISBLANK(D20),"",D20)) | E66: =IF(LEFT(E20,1) = "<",0, IF(ISBLANK(E20),"",E20)) | F66: =IF(LEFT(F20,1) = "<",0, IF(ISBLANK(F20),"",F20)) | G66: =IF(LEFT(G20,1) = "<",0, IF(ISBLANK(G20),"",G20)) | H66: =IF(LEFT(H20,1) = "<",0, IF(ISBLANK(H20),"",H20))
A67: Calc: 3 | B67: =IF(LEFT(B21,1) = "<",0, IF(ISBLANK(B21),"",B21)) -> 0.00013732 | C67: =IF(LEFT(C21,1) = "<",0, IF(ISBLANK(C21),"",C21)) | D67: =IF(LEFT(D21,1) = "<",0, IF(ISBLANK(D21),"",D21)) | E67: =IF(LEFT(E21,1) = "<",0, IF(ISBLANK(E21),"",E21)) | F67: =IF(LEFT(F21,1) = "<",0, IF(ISBLANK(F21),"",F21)) | G67: =IF(LEFT(G21,1) = "<",0, IF(ISBLANK(G21),"",G21)) | H67: =IF(LEFT(H21,1) = "<",0, IF(ISBLANK(H21),"",H21))
A68: Calc: 4 | B68: =IF(LEFT(B22,1) = "<",0, IF(ISBLANK(B22),"",B22)) -> 0 | C68: =IF(LEFT(C22,1) = "<",0, IF(ISBLANK(C22),"",C22)) | D68: =IF(LEFT(D22,1) = "<",0, IF(ISBLANK(D22),"",D22)) | E68: =IF(LEFT(E22,1) = "<",0, IF(ISBLANK(E22),"",E22)) | F68: =IF(LEFT(F22,1) = "<",0, IF(ISBLANK(F22),"",F22)) | G68: =IF(LEFT(G22,1) = "<",0, IF(ISBLANK(G22),"",G22)) | H68: =IF(LEFT(H22,1) = "<",0, IF(ISBLANK(H22),"",H22))
A69: Calc: 5 | B69: =IF(LEFT(B23,1) = "<",0, IF(ISBLANK(B23),"",B23)) -> 0 | C69: =IF(LEFT(C23,1) = "<",0, IF(ISBLANK(C23),"",C23)) | D69: =IF(LEFT(D23,1) = "<",0, IF(ISBLANK(D23),"",D23)) | E69: =IF(LEFT(E23,1) = "<",0, IF(ISBLANK(E23),"",E23)) | F69: =IF(LEFT(F23,1) = "<",0, IF(ISBLANK(F23),"",F23)) | G69: =IF(LEFT(G23,1) = "<",0, IF(ISBLANK(G23),"",G23)) | H69: =IF(LEFT(H23,1) = "<",0, IF(ISBLANK(H23),"",H23))
A70: Calc: 6 | B70: =IF(LEFT(B24,1) = "<",0, IF(ISBLANK(B24),"",B24)) -> 0.000208067 | C70: =IF(LEFT(C24,1) = "<",0, IF(ISBLANK(C24),"",C24)) | D70: =IF(LEFT(D24,1) = "<",0, IF(ISBLANK(D24),"",D24)) | E70: =IF(LEFT(E24,1) = "<",0, IF(ISBLANK(E24),"",E24)) | F70: =IF(LEFT(F24,1) = "<",0, IF(ISBLANK(F24),"",F24)) | G70: =IF(LEFT(G24,1) = "<",0, IF(ISBLANK(G24),"",G24)) | H70: =IF(LEFT(H24,1) = "<",0, IF(ISBLANK(H24),"",H24))
A71: Calc: 7 | B71: =IF(LEFT(B25,1) = "<",0, IF(ISBLANK(B25),"",B25)) -> 0.000201867 | C71: =IF(LEFT(C25,1) = "<",0, IF(ISBLANK(C25),"",C25)) | D71: =IF(LEFT(D25,1) = "<",0, IF(ISBLANK(D25),"",D25)) | E71: =IF(LEFT(E25,1) = "<",0, IF(ISBLANK(E25),"",E25)) | F71: =IF(LEFT(F25,1) = "<",0, IF(ISBLANK(F25),"",F25)) | G71: =IF(LEFT(G25,1) = "<",0, IF(ISBLANK(G25),"",G25)) | H71: =IF(LEFT(H25,1) = "<",0, IF(ISBLANK(H25),"",H25))
A72: Calc: 8 | B72: =IF(LEFT(B26,1) = "<",0, IF(ISBLANK(B26),"",B26)) -> 0 | C72: =IF(LEFT(C26,1) = "<",0, IF(ISBLANK(C26),"",C26)) | D72: =IF(LEFT(D26,1) = "<",0, IF(ISBLANK(D26),"",D26)) | E72: =IF(LEFT(E26,1) = "<",0, IF(ISBLANK(E26),"",E26)) | F72: =IF(LEFT(F26,1) = "<",0, IF(ISBLANK(F26),"",F26)) | G72: =IF(LEFT(G26,1) = "<",0, IF(ISBLANK(G26),"",G26)) | H72: =IF(LEFT(H26,1) = "<",0, IF(ISBLANK(H26),"",H26))
A73: Calc: 9 | B73: =IF(LEFT(B27,1) = "<",0, IF(ISBLANK(B27),"",B27)) -> 0.000267544 | C73: =IF(LEFT(C27,1) = "<",0, IF(ISBLANK(C27),"",C27)) | D73: =IF(LEFT(D27,1) = "<",0, IF(ISBLANK(D27),"",D27)) | E73: =IF(LEFT(E27,1) = "<",0, IF(ISBLANK(E27),"",E27)) | F73: =IF(LEFT(F27,1) = "<",0, IF(ISBLANK(F27),"",F27)) | G73: =IF(LEFT(G27,1) = "<",0, IF(ISBLANK(G27),"",G27)) | H73: =IF(LEFT(H27,1) = "<",0, IF(ISBLANK(H27),"",H27))
A74: Calc: 10 | B74: =IF(LEFT(B28,1) = "<",0, IF(ISBLANK(B28),"",B28)) -> 0.000270547 | C74: =IF(LEFT(C28,1) = "<",0, IF(ISBLANK(C28),"",C28)) | D74: =IF(LEFT(D28,1) = "<",0, IF(ISBLANK(D28),"",D28)) | E74: =IF(LEFT(E28,1) = "<",0, IF(ISBLANK(E28),"",E28)) | F74: =IF(LEFT(F28,1) = "<",0, IF(ISBLANK(F28),"",F28)) | G74: =IF(LEFT(G28,1) = "<",0, IF(ISBLANK(G28),"",G28)) -> 0 | H74: =IF(LEFT(H28,1) = "<",0, IF(ISBLANK(H28),"",H28))
A75: Calc: 11 | B75: =IF(LEFT(B29,1) = "<",0, IF(ISBLANK(B29),"",B29)) -> 0.000191416 | C75: =IF(LEFT(C29,1) = "<",0, IF(ISBLANK(C29),"",C29)) | D75: =IF(LEFT(D29,1) = "<",0, IF(ISBLANK(D29),"",D29)) | E75: =IF(LEFT(E29,1) = "<",0, IF(ISBLANK(E29),"",E29)) | F75: =IF(LEFT(F29,1) = "<",0, IF(ISBLANK(F29),"",F29)) | G75: =IF(LEFT(G29,1) = "<",0, IF(ISBLANK(G29),"",G29)) | H75: =IF(LEFT(H29,1) = "<",0, IF(ISBLANK(H29),"",H29))
A76: Calc: 12 | B76: =IF(LEFT(B30,1) = "<",0, IF(ISBLANK(B30),"",B30)) -> 0.000223009 | C76: =IF(LEFT(C30,1) = "<",0, IF(ISBLANK(C30),"",C30)) | D76: =IF(LEFT(D30,1) = "<",0, IF(ISBLANK(D30),"",D30)) | E76: =IF(LEFT(E30,1) = "<",0, IF(ISBLANK(E30),"",E30)) | F76: =IF(LEFT(F30,1) = "<",0, IF(ISBLANK(F30),"",F30)) | G76: =IF(LEFT(G30,1) = "<",0, IF(ISBLANK(G30),"",G30)) | H76: =IF(LEFT(H30,1) = "<",0, IF(ISBLANK(H30),"",H30))
... A95: Calc: 31 | B95: =IF(LEFT(B49,1) = "<",0, IF(ISBLANK(B49),"",B49)) -> 0.000378283 | C95: =IF(LEFT(C49,1) = "<",0, IF(ISBLANK(C49),"",C49)) | D95: =IF(LEFT(D49,1) = "<",0, IF(ISBLANK(D49),"",D49)) | E95: =IF(LEFT(E49,1) = "<",0, IF(ISBLANK(E49),"",E49)) | F95: =IF(LEFT(F49,1) = "<",0, IF(ISBLANK(F49),"",F49)) | G95: =IF(LEFT(G49,1) = "<",0, IF(ISBLANK(G49),"",G49)) | H95: =IF(LEFT(H49,1) = "<",0, IF(ISBLANK(H49),"",H49))
B96: =IF(LEFT(B50,1) = "<",0, IF(ISBLANK(B50),"",B50)) | C96: =IF(LEFT(C50,1) = "<",0, IF(ISBLANK(C50),"",C50)) | D96: =IF(LEFT(D50,1) = "<",0, IF(ISBLANK(D50),"",D50)) | E96: =IF(LEFT(E50,1) = "<",0, IF(ISBLANK(E50),"",E50)) | F96: =IF(LEFT(F50,1) = "<",0, IF(ISBLANK(F50),"",F50)) | G96: =IF(LEFT(G50,1) = "<",0, IF(ISBLANK(G50),"",G50)) | H96: =IF(LEFT(H50,1) = "<",0, IF(ISBLANK(H50),"",H50))

Sheet 005-EFFLUENT
A1: Permit # | B1: 5640101 | E1: Monthly Operation Report IOWA DEPARTMENT OF NATURAL RESOURCES NPDS - Operation Permit System EFFLUENT Data | F1: Monthly Operation Report IOWA DEPARTMENT OF NATURAL RESOURCES NPDS - Operation Permit System EFFLUENT Data | G1: Monthly Operation Report IOWA DEPARTMENT OF NATURAL RESOURCES NPDS - Operation Permit System EFFLUENT Data
A2: Facility Name: | B2: ROQUETTE AMERICA, INC. | C2: ROQUETTE AMERICA, INC. | D2: ROQUETTE AMERICA, INC. | E2: Monthly Operation Report IOWA DEPARTMENT OF NATURAL RESOURCES NPDS - Operation Permit System EFFLUENT Data | F2: Monthly Operation Report IOWA DEPARTMENT OF NATURAL RESOURCES NPDS - Operation Permit System EFFLUENT Data | G2: Monthly Operation Report IOWA DEPARTMENT OF NATURAL RESOURCES NPDS - Operation Permit System EFFLUENT Data
B3: ROQUETTE AMERICA, INC. | C3: ROQUETTE AMERICA, INC. | D3: ROQUETTE AMERICA, INC. | E3: Monthly Operation Report IOWA DEPARTMENT OF NATURAL RESOURCES NPDS - Operation Permit System EFFLUENT Data | F3: Monthly Operation Report IOWA DEPARTMENT OF NATURAL RESOURCES NPDS - Operation Permit System EFFLUENT Data | G3: Monthly Operation Report IOWA DEPARTMENT OF NATURAL RESOURCES NPDS - Operation Permit System EFFLUENT Data
E4: Monthly Operation Report IOWA DEPARTMENT OF NATURAL RESOURCES NPDS - Operation Permit System EFFLUENT Data | F4: Monthly Operation Report IOWA DEPARTMENT OF NATURAL RESOURCES NPDS - Operation Permit System EFFLUENT Data | G4: Monthly Operation Report IOWA DEPARTMENT OF NATURAL RESOURCES NPDS - Operation Permit System EFFLUENT Data
A5: Outfall #: | B5: 005
A6: Month/Year: | B6: =Cover!C13 & "-" & Cover!D13 -> 12-2025
A9: Mon. Point | B9: STORMWATER. SEE STORM WATER REQUIREMENTS.
A10: Parameter | B10: STRMWAT
A11: Units | B11: VISUAL
A12: Frequency | B12: QUARTERLY
A13: Start Date | B13: Permit Duration
A14: End Date | B14: Permit Duration
A15: No Discharge
A16: LOQ
A17: MonReq ID | B17: 142782
A18: UnitID | B18: 835
A19: Day: 1
A20: 2
A21: 3
A22: 4
A23: 5
A24: 6
A25: 7
A26: 8
A27: 9
A28: 10 | B28: 1
A29: 11
A30: 12
A31: 13
A32: 14
A33: 15
A34: 16
A35: 17
A36: 18
A37: 19
A38: 20
A39: 21
A40: 22
... A49: 31
A51: Total | B51: =IF(COUNTA(B19:B50)>0,SUM(B65:B96),"") -> 1
A52: Monthly Avg. | B52: =IF(ISNUMBER(AVERAGE(B65:B96)),AVERAGE(B65:B96),"") -> 1
A53: Daily Max. | B53: =IF(MAX(B65:B96)=0,"",MAX(B65:B96)) -> 1
A54: Daily Min. | B54: =IF(MIN(B65:B96)=0,"",MIN(B65:B96)) -> 1
A55: Max. 7/Avg. | B55: =IF(MAX(B57:B60)=0,"",MAX(B57:B60)) -> 1
A57: Week 1 Avg. | B57: =IF(SUM(B65:B71)>0,AVERAGE(B65:B71),"")
A58: Week 2 Avg. | B58: =IF(SUM(B72:B78)>0,AVERAGE(B72:B78),"") -> 1
A59: Week 3 Avg. | B59: =IF(SUM(B79:B85)>0,AVERAGE(B79:B85),"")
A60: Week 4 Avg. | B60: =IF(SUM(B86:B92)>0,AVERAGE(B86:B92),"")
A65: Calc: 1 | B65: =IF(LEFT(B19,1) = "<",0, IF(ISBLANK(B19),"",B19))
A66: Calc: 2 | B66: =IF(LEFT(B20,1) = "<",0, IF(ISBLANK(B20),"",B20))
A67: Calc: 3 | B67: =IF(LEFT(B21,1) = "<",0, IF(ISBLANK(B21),"",B21))
A68: Calc: 4 | B68: =IF(LEFT(B22,1) = "<",0, IF(ISBLANK(B22),"",B22))
A69: Calc: 5 | B69: =IF(LEFT(B23,1) = "<",0, IF(ISBLANK(B23),"",B23))
A70: Calc: 6 | B70: =IF(LEFT(B24,1) = "<",0, IF(ISBLANK(B24),"",B24))
A71: Calc: 7 | B71: =IF(LEFT(B25,1) = "<",0, IF(ISBLANK(B25),"",B25))
A72: Calc: 8 | B72: =IF(LEFT(B26,1) = "<",0, IF(ISBLANK(B26),"",B26))
A73: Calc: 9 | B73: =IF(LEFT(B27,1) = "<",0, IF(ISBLANK(B27),"",B27))
A74: Calc: 10 | B74: =IF(LEFT(B28,1) = "<",0, IF(ISBLANK(B28),"",B28)) -> 1
A75: Calc: 11 | B75: =IF(LEFT(B29,1) = "<",0, IF(ISBLANK(B29),"",B29))
A76: Calc: 12 | B76: =IF(LEFT(B30,1) = "<",0, IF(ISBLANK(B30),"",B30))
... A95: Calc: 31 | B95: =IF(LEFT(B49,1) = "<",0, IF(ISBLANK(B49),"",B49))
B96: =IF(LEFT(B50,1) = "<",0, IF(ISBLANK(B50),"",B50))

Sheet 006-EFFLUENT
A1: Permit # | B1: 5640101 | E1: Monthly Operation Report IOWA DEPARTMENT OF NATURAL RESOURCES NPDS - Operation Permit System EFFLUENT Data | F1: Monthly Operation Report IOWA DEPARTMENT OF NATURAL RESOURCES NPDS - Operation Permit System EFFLUENT Data | G1: Monthly Operation Report IOWA DEPARTMENT OF NATURAL RESOURCES NPDS - Operation Permit System EFFLUENT Data
A2: Facility Name: | B2: ROQUETTE AMERICA, INC. | C2: ROQUETTE AMERICA, INC. | D2: ROQUETTE AMERICA, INC. | E2: Monthly Operation Report IOWA DEPARTMENT OF NATURAL RESOURCES NPDS - Operation Permit System EFFLUENT Data | F2: Monthly Operation Report IOWA DEPARTMENT OF NATURAL RESOURCES NPDS - Operation Permit System EFFLUENT Data | G2: Monthly Operation Report IOWA DEPARTMENT OF NATURAL RESOURCES NPDS - Operation Permit System EFFLUENT Data
B3: ROQUETTE AMERICA, INC. | C3: ROQUETTE AMERICA, INC. | D3: ROQUETTE AMERICA, INC. | E3: Monthly Operation Report IOWA DEPARTMENT OF NATURAL RESOURCES NPDS - Operation Permit System EFFLUENT Data | F3: Monthly Operation Report IOWA DEPARTMENT OF NATURAL RESOURCES NPDS - Operation Permit System EFFLUENT Data | G3: Monthly Operation Report IOWA DEPARTMENT OF NATURAL RESOURCES NPDS - Operation Permit System EFFLUENT Data
E4: Monthly Operation Report IOWA DEPARTMENT OF NATURAL RESOURCES NPDS - Operation Permit System EFFLUENT Data | F4: Monthly Operation Report IOWA DEPARTMENT OF NATURAL RESOURCES NPDS - Operation Permit System EFFLUENT Data | G4: Monthly Operation Report IOWA DEPARTMENT OF NATURAL RESOURCES NPDS - Operation Permit System EFFLUENT Data
A5: Outfall #: | B5: 006
A6: Month/Year: | B6: =Cover!C13 & "-" & Cover!D13 -> 12-2025
A9: Mon. Point | B9: STORMWATER. SEE STORM WATER REQUIREMENTS.
A10: Parameter | B10: STRMWAT
A11: Units | B11: VISUAL
A12: Frequency | B12: QUARTERLY
A13: Start Date | B13: Permit Duration
A14: End Date | B14: Permit Duration
A15: No Discharge
A16: LOQ
A17: MonReq ID | B17: 142784
A18: UnitID | B18: 835
A19: Day: 1
A20: 2
A21: 3
A22: 4
A23: 5
A24: 6
A25: 7
A26: 8
A27: 9
A28: 10 | B28: 1
A29: 11
A30: 12
A31: 13
A32: 14
A33: 15
A34: 16
A35: 17
A36: 18
A37: 19
A38: 20
A39: 21
A40: 22
... A49: 31
A51: Total | B51: =IF(COUNTA(B19:B50)>0,SUM(B65:B96),"") -> 1
A52: Monthly Avg. | B52: =IF(ISNUMBER(AVERAGE(B65:B96)),AVERAGE(B65:B96),"") -> 1
A53: Daily Max. | B53: =IF(MAX(B65:B96)=0,"",MAX(B65:B96)) -> 1
A54: Daily Min. | B54: =IF(MIN(B65:B96)=0,"",MIN(B65:B96)) -> 1
A55: Max. 7/Avg. | B55: =IF(MAX(B57:B60)=0,"",MAX(B57:B60)) -> 1
A57: Week 1 Avg. | B57: =IF(SUM(B65:B71)>0,AVERAGE(B65:B71),"")
A58: Week 2 Avg. | B58: =IF(SUM(B72:B78)>0,AVERAGE(B72:B78),"") -> 1
A59: Week 3 Avg. | B59: =IF(SUM(B79:B85)>0,AVERAGE(B79:B85),"")
A60: Week 4 Avg. | B60: =IF(SUM(B86:B92)>0,AVERAGE(B86:B92),"")
A65: Calc: 1 | B65: =IF(LEFT(B19,1) = "<",0, IF(ISBLANK(B19),"",B19))
A66: Calc: 2 | B66: =IF(LEFT(B20,1) = "<",0, IF(ISBLANK(B20),"",B20))
A67: Calc: 3 | B67: =IF(LEFT(B21,1) = "<",0, IF(ISBLANK(B21),"",B21))
A68: Calc: 4 | B68: =IF(LEFT(B22,1) = "<",0, IF(ISBLANK(B22),"",B22))
A69: Calc: 5 | B69: =IF(LEFT(B23,1) = "<",0, IF(ISBLANK(B23),"",B23))
A70: Calc: 6 | B70: =IF(LEFT(B24,1) = "<",0, IF(ISBLANK(B24),"",B24))
A71: Calc: 7 | B71: =IF(LEFT(B25,1) = "<",0, IF(ISBLANK(B25),"",B25))
A72: Calc: 8 | B72: =IF(LEFT(B26,1) = "<",0, IF(ISBLANK(B26),"",B26))
A73: Calc: 9 | B73: =IF(LEFT(B27,1) = "<",0, IF(ISBLANK(B27),"",B27))
A74: Calc: 10 | B74: =IF(LEFT(B28,1) = "<",0, IF(ISBLANK(B28),"",B28)) -> 1
A75: Calc: 11 | B75: =IF(LEFT(B29,1) = "<",0, IF(ISBLANK(B29),"",B29))
A76: Calc: 12 | B76: =IF(LEFT(B30,1) = "<",0, IF(ISBLANK(B30),"",B30))
... A95: Calc: 31 | B95: =IF(LEFT(B49,1) = "<",0, IF(ISBLANK(B49),"",B49))
B96: =IF(LEFT(B50,1) = "<",0, IF(ISBLANK(B50),"",B50))

Sheet 007-EFFLUENT
A1: Permit # | B1: 5640101 | E1: Monthly Operation Report IOWA DEPARTMENT OF NATURAL RESOURCES NPDS - Operation Permit System EFFLUENT Data | F1: Monthly Operation Report IOWA DEPARTMENT OF NATURAL RESOURCES NPDS - Operation Permit System EFFLUENT Data | G1: Monthly Operation Report IOWA DEPARTMENT OF NATURAL RESOURCES NPDS - Operation Permit System EFFLUENT Data
A2: Facility Name: | B2: ROQUETTE AMERICA, INC. | C2: ROQUETTE AMERICA, INC. | D2: ROQUETTE AMERICA, INC. | E2: Monthly Operation Report IOWA DEPARTMENT OF NATURAL RESOURCES NPDS - Operation Permit System EFFLUENT Data | F2: Monthly Operation Report IOWA DEPARTMENT OF NATURAL RESOURCES NPDS - Operation Permit System EFFLUENT Data | G2: Monthly Operation Report IOWA DEPARTMENT OF NATURAL RESOURCES NPDS - Operation Permit System EFFLUENT Data
B3: ROQUETTE AMERICA, INC. | C3: ROQUETTE AMERICA, INC. | D3: ROQUETTE AMERICA, INC. | E3: Monthly Operation Report IOWA DEPARTMENT OF NATURAL RESOURCES NPDS - Operation Permit System EFFLUENT Data | F3: Monthly Operation Report IOWA DEPARTMENT OF NATURAL RESOURCES NPDS - Operation Permit System EFFLUENT Data | G3: Monthly Operation Report IOWA DEPARTMENT OF NATURAL RESOURCES NPDS - Operation Permit System EFFLUENT Data
E4: Monthly Operation Report IOWA DEPARTMENT OF NATURAL RESOURCES NPDS - Operation Permit System EFFLUENT Data | F4: Monthly Operation Report IOWA DEPARTMENT OF NATURAL RESOURCES NPDS - Operation Permit System EFFLUENT Data | G4: Monthly Operation Report IOWA DEPARTMENT OF NATURAL RESOURCES NPDS - Operation Permit System EFFLUENT Data
A5: Outfall #: | B5: 007
A6: Month/Year: | B6: =Cover!C13 & "-" & Cover!D13 -> 12-2025
A9: Mon. Point | B9: STORMWATER. SEE STORM WATER REQUIREMENTS.
A10: Parameter | B10: STRMWAT
A11: Units | B11: VISUAL
A12: Frequency | B12: QUARTERLY
A13: Start Date | B13: Permit Duration
A14: End Date | B14: Permit Duration
A15: No Discharge
A16: LOQ
A17: MonReq ID | B17: 142775
A18: UnitID | B18: 835
A19: Day: 1
A20: 2
A21: 3
A22: 4
A23: 5
A24: 6
A25: 7
A26: 8
A27: 9
A28: 10 | B28: 1
A29: 11
A30: 12
A31: 13
A32: 14
A33: 15
A34: 16
A35: 17
A36: 18
A37: 19
A38: 20
A39: 21
A40: 22
... A49: 31
A51: Total | B51: =IF(COUNTA(B19:B50)>0,SUM(B65:B96),"") -> 1
A52: Monthly Avg. | B52: =IF(ISNUMBER(AVERAGE(B65:B96)),AVERAGE(B65:B96),"") -> 1
A53: Daily Max. | B53: =IF(MAX(B65:B96)=0,"",MAX(B65:B96)) -> 1
A54: Daily Min. | B54: =IF(MIN(B65:B96)=0,"",MIN(B65:B96)) -> 1
A55: Max. 7/Avg. | B55: =IF(MAX(B57:B60)=0,"",MAX(B57:B60)) -> 1
A57: Week 1 Avg. | B57: =IF(SUM(B65:B71)>0,AVERAGE(B65:B71),"")
A58: Week 2 Avg. | B58: =IF(SUM(B72:B78)>0,AVERAGE(B72:B78),"") -> 1
A59: Week 3 Avg. | B59: =IF(SUM(B79:B85)>0,AVERAGE(B79:B85),"")
A60: Week 4 Avg. | B60: =IF(SUM(B86:B92)>0,AVERAGE(B86:B92),"")
A65: Calc: 1 | B65: =IF(LEFT(B19,1) = "<",0, IF(ISBLANK(B19),"",B19))
A66: Calc: 2 | B66: =IF(LEFT(B20,1) = "<",0, IF(ISBLANK(B20),"",B20))
A67: Calc: 3 | B67: =IF(LEFT(B21,1) = "<",0, IF(ISBLANK(B21),"",B21))
A68: Calc: 4 | B68: =IF(LEFT(B22,1) = "<",0, IF(ISBLANK(B22),"",B22))
A69: Calc: 5 | B69: =IF(LEFT(B23,1) = "<",0, IF(ISBLANK(B23),"",B23))
A70: Calc: 6 | B70: =IF(LEFT(B24,1) = "<",0, IF(ISBLANK(B24),"",B24))
A71: Calc: 7 | B71: =IF(LEFT(B25,1) = "<",0, IF(ISBLANK(B25),"",B25))
A72: Calc: 8 | B72: =IF(LEFT(B26,1) = "<",0, IF(ISBLANK(B26),"",B26))
A73: Calc: 9 | B73: =IF(LEFT(B27,1) = "<",0, IF(ISBLANK(B27),"",B27))
A74: Calc: 10 | B74: =IF(LEFT(B28,1) = "<",0, IF(ISBLANK(B28),"",B28)) -> 1
A75: Calc: 11 | B75: =IF(LEFT(B29,1) = "<",0, IF(ISBLANK(B29),"",B29))
A76: Calc: 12 | B76: =IF(LEFT(B30,1) = "<",0, IF(ISBLANK(B30),"",B30))
... A95: Calc: 31 | B95: =IF(LEFT(B49,1) = "<",0, IF(ISBLANK(B49),"",B49))
B96: =IF(LEFT(B50,1) = "<",0, IF(ISBLANK(B50),"",B50))

Sheet 009-EFFLUENT
A1: Permit # | B1: 5640101 | E1: Monthly Operation Report IOWA DEPARTMENT OF NATURAL RESOURCES NPDS - Operation Permit System EFFLUENT Data | F1: Monthly Operation Report IOWA DEPARTMENT OF NATURAL RESOURCES NPDS - Operation Permit System EFFLUENT Data | G1: Monthly Operation Report IOWA DEPARTMENT OF NATURAL RESOURCES NPDS - Operation Permit System EFFLUENT Data
A2: Facility Name: | B2: ROQUETTE AMERICA, INC. | C2: ROQUETTE AMERICA, INC. | D2: ROQUETTE AMERICA, INC. | E2: Monthly Operation Report IOWA DEPARTMENT OF NATURAL RESOURCES NPDS - Operation Permit System EFFLUENT Data | F2: Monthly Operation Report IOWA DEPARTMENT OF NATURAL RESOURCES NPDS - Operation Permit System EFFLUENT Data | G2: Monthly Operation Report IOWA DEPARTMENT OF NATURAL RESOURCES NPDS - Operation Permit System EFFLUENT Data
B3: ROQUETTE AMERICA, INC. | C3: ROQUETTE AMERICA, INC. | D3: ROQUETTE AMERICA, INC. | E3: Monthly Operation Report IOWA DEPARTMENT OF NATURAL RESOURCES NPDS - Operation Permit System EFFLUENT Data | F3: Monthly Operation Report IOWA DEPARTMENT OF NATURAL RESOURCES NPDS - Operation Permit System EFFLUENT Data | G3: Monthly Operation Report IOWA DEPARTMENT OF NATURAL RESOURCES NPDS - Operation Permit System EFFLUENT Data
E4: Monthly Operation Report IOWA DEPARTMENT OF NATURAL RESOURCES NPDS - Operation Permit System EFFLUENT Data | F4: Monthly Operation Report IOWA DEPARTMENT OF NATURAL RESOURCES NPDS - Operation Permit System EFFLUENT Data | G4: Monthly Operation Report IOWA DEPARTMENT OF NATURAL RESOURCES NPDS - Operation Permit System EFFLUENT Data
A5: Outfall #: | B5: 009
A6: Month/Year: | B6: =Cover!C13 & "-" & Cover!D13 -> 12-2025
A9: Mon. Point | B9: FINAL EFFLUENT AFTER THE FLOW COMBINATION BOX IN THE ROADWAY BETWEEN LOADOUT BLDG 16C AND RAILROAD TRACKS | C9: FINAL EFFLUENT AFTER THE FLOW COMBINATION BOX IN THE ROADWAY BETWEEN LOADOUT BLDG 16C AND RAILROAD TRACKS | D9: FINAL EFFLUENT AFTER THE FLOW COMBINATION BOX IN THE ROADWAY BETWEEN LOADOUT BLDG 16C AND RAILROAD TRACKS | E9: FINAL EFFLUENT AFTER THE FLOW COMBINATION BOX IN THE ROADWAY BETWEEN LOADOUT BLDG 16C AND RAILROAD TRACKS | F9: FINAL EFFLUENT AFTER THE FLOW COMBINATION BOX IN THE ROADWAY BETWEEN LOADOUT BLDG 16C AND RAILROAD TRACKS | G9: STORMWATER. SEE STORM WATER REQUIREMENTS.
A10: Parameter | B10: FLOW | C10: TRC | D10: TRC | E10: TEMP | F10: PH | G10: STRMWAT
A11: Units | B11: MGD | C11: MG/L | D11: LBS/DAY | E11: FAHRENHEIT | F11: STD UNITS | G11: VISUAL
A12: Frequency | B12: 1 EVERY MONTH | C12: 1 EVERY 3 MONTHS | D12: 1 EVERY 3 MONTHS | E12: 1 EVERY MONTH | F12: 1 EVERY MONTH | G12: QUARTERLY
A13: Start Date | B13: Permit Duration | C13: Permit Duration | D13: Permit Duration | E13: Permit Duration | F13: Permit Duration | G13: Permit Duration
A14: End Date | B14: Permit Duration | C14: Permit Duration | D14: Permit Duration | E14: Permit Duration | F14: Permit Duration | G14: Permit Duration
A15: No Discharge
A16: LOQ
A17: MonReq ID | B17: 142686 | C17: 142768 | D17: 142768 | E17: 144290 | F17: 142687 | G17: 142785
A18: UnitID | B18: 157 | C18: 162 | D18: 164 | E18: 159 | F18: 156 | G18: 835
A19: Day: 1 | B19: 1.36 | C19: 0.01 | D19: =IF(LEFT(C19,1)="<","<",IF(AND(ISNUMBER('009-EFFLUENT'!B65),ISNUMBER(C65)),SUM(('009-EFFLUENT'!B65 * C65) * 8.34),"")) -> 0.113424 | F19: 1
A20: 2 | B20: 3.39 | C20: 0.03 | D20: =IF(LEFT(C20,1)="<","<",IF(AND(ISNUMBER('009-EFFLUENT'!B66),ISNUMBER(C66)),SUM(('009-EFFLUENT'!B66 * C66) * 8.34),"")) -> 0.848178 | F20: 6.99
A21: 3 | B21: 2.92 | C21: 0.06 | D21: =IF(LEFT(C21,1)="<","<",IF(AND(ISNUMBER('009-EFFLUENT'!B67),ISNUMBER(C67)),SUM(('009-EFFLUENT'!B67 * C67) * 8.34),"")) -> 1.461168 | F21: 8.83
A22: 4 | B22: 6.4 | C22: 0.04 | D22: =IF(LEFT(C22,1)="<","<",IF(AND(ISNUMBER('009-EFFLUENT'!B68),ISNUMBER(C68)),SUM(('009-EFFLUENT'!B68 * C68) * 8.34),"")) -> 2.13504 | F22: 8.75
A23: 5 | B23: 1.75 | C23: 0.03 | D23: =IF(LEFT(C23,1)="<","<",IF(AND(ISNUMBER('009-EFFLUENT'!B69),ISNUMBER(C69)),SUM(('009-EFFLUENT'!B69 * C69) * 8.34),"")) -> 0.43785 | F23: 6.7
A24: 6 | B24: 1.68 | C24: 0.08 | D24: =IF(LEFT(C24,1)="<","<",IF(AND(ISNUMBER('009-EFFLUENT'!B70),ISNUMBER(C70)),SUM(('009-EFFLUENT'!B70 * C70) * 8.34),"")) -> 1.120896 | F24: 7.9
A25: 7 | B25: 5.53 | C25: 0.05 | D25: =IF(LEFT(C25,1)="<","<",IF(AND(ISNUMBER('009-EFFLUENT'!B71),ISNUMBER(C71)),SUM(('009-EFFLUENT'!B71 * C71) * 8.34),"")) -> 2.30601 | F25: 7.5
A26: 8 | B26: 3.75 | C26: 0.02 | D26: =IF(LEFT(C26,1)="<","<",IF(AND(ISNUMBER('009-EFFLUENT'!B72),ISNUMBER(C72)),SUM(('009-EFFLUENT'!B72 * C72) * 8.34),"")) -> 0.6255 | F26: 7.2
A27: 9 | B27: 0.88 | C27: 0.04 | D27: =IF(LEFT(C27,1)="<","<",IF(AND(ISNUMBER('009-EFFLUENT'!B73),ISNUMBER(C73)),SUM(('009-EFFLUENT'!B73 * C73) * 8.34),"")) -> 0.293568 | F27: 7.2
A28: 10 | B28: 3.04 | C28: 0.04 | D28: =IF(LEFT(C28,1)="<","<",IF(AND(ISNUMBER('009-EFFLUENT'!B74),ISNUMBER(C74)),SUM(('009-EFFLUENT'!B74 * C74) * 8.34),"")) -> 1.014144 | E28: 49.87 | F28: 7 | G28: 1
A29: 11 | B29: 4.52 | C29: 0.05 | D29: =IF(LEFT(C29,1)="<","<",IF(AND(ISNUMBER('009-EFFLUENT'!B75),ISNUMBER(C75)),SUM(('009-EFFLUENT'!B75 * C75) * 8.34),"")) -> 1.88484 | F29: 6.21
A30: 12 | B30: 4.95 | C30: 0.03 | D30: =IF(LEFT(C30,1)="<","<",IF(AND(ISNUMBER('009-EFFLUENT'!B76),ISNUMBER(C76)),SUM(('009-EFFLUENT'!B76 * C76) * 8.34),"")) -> 1.23849 | F30: 6.7
A31: 13 | B31: 4.09 | C31: 0.02 | D31: =IF(LEFT(C31,1)="<","<",IF(AND(ISNUMBER('009-EFFLUENT'!B77),ISNUMBER(C77)),SUM(('009-EFFLUENT'!B77 * C77) * 8.34),"")) -> 0.682212 | F31: 7
A32: 14 | B32: 4.15 | C32: 0.02 | D32: =IF(LEFT(C32,1)="<","<",IF(AND(ISNUMBER('009-EFFLUENT'!B78),ISNUMBER(C78)),SUM(('009-EFFLUENT'!B78 * C78) * 8.34),"")) -> 0.69222 | F32: 7.1
A33: 15 | B33: 2.3 | C33: 0.03 | D33: =IF(LEFT(C33,1)="<","<",IF(AND(ISNUMBER('009-EFFLUENT'!B79),ISNUMBER(C79)),SUM(('009-EFFLUENT'!B79 * C79) * 8.34),"")) -> 0.57546 | F33: 7.3
A34: 16 | B34: 1.94 | C34: 0.02 | D34: =IF(LEFT(C34,1)="<","<",IF(AND(ISNUMBER('009-EFFLUENT'!B80),ISNUMBER(C80)),SUM(('009-EFFLUENT'!B80 * C80) * 8.34),"")) -> 0.323592 | F34: 7
A35: 17 | B35: 1.64 | C35: 0.02 | D35: =IF(LEFT(C35,1)="<","<",IF(AND(ISNUMBER('009-EFFLUENT'!B81),ISNUMBER(C81)),SUM(('009-EFFLUENT'!B81 * C81) * 8.34),"")) -> 0.273552 | F35: 7.1
A36: 18 | B36: 2.13 | C36: 0.04 | D36: =IF(LEFT(C36,1)="<","<",IF(AND(ISNUMBER('009-EFFLUENT'!B82),ISNUMBER(C82)),SUM(('009-EFFLUENT'!B82 * C82) * 8.34),"")) -> 0.710568 | F36: 7.3
A37: 19 | B37: 9.29 | C37: 0.04 | D37: =IF(LEFT(C37,1)="<","<",IF(AND(ISNUMBER('009-EFFLUENT'!B83),ISNUMBER(C83)),SUM(('009-EFFLUENT'!B83 * C83) * 8.34),"")) -> 3.099144 | F37: 7.2
A38: 20 | B38: 6.91 | C38: 0.05 | D38: =IF(LEFT(C38,1)="<","<",IF(AND(ISNUMBER('009-EFFLUENT'!B84),ISNUMBER(C84)),SUM(('009-EFFLUENT'!B84 * C84) * 8.34),"")) -> 2.88147 | F38: 6.9
A39: 21 | B39: 10.88 | C39: 0.03 | D39: =IF(LEFT(C39,1)="<","<",IF(AND(ISNUMBER('009-EFFLUENT'!B85),ISNUMBER(C85)),SUM(('009-EFFLUENT'!B85 * C85) * 8.34),"")) -> 2.722176 | F39: 7.1
A40: 22 | B40: 6.71 | C40: 0.06 | D40: =IF(LEFT(C40,1)="<","<",IF(AND(ISNUMBER('009-EFFLUENT'!B86),ISNUMBER(C86)),SUM(('009-EFFLUENT'!B86 * C86) * 8.34),"")) -> 3.357684 | F40: 7.3
... A49: 31 | B49: 2.82 | C49: 0 | D49: =IF(LEFT(C49,1)="<","<",IF(AND(ISNUMBER('009-EFFLUENT'!B95),ISNUMBER(C95)),SUM(('009-EFFLUENT'!B95 * C95) * 8.34),"")) -> 0 | F49: 7.2
D50: =IF(LEFT(C50,1)="<","<",IF(AND(ISNUMBER('009-EFFLUENT'!B96),ISNUMBER(C96)),SUM(('009-EFFLUENT'!B96 * C96) * 8.34),""))
A51: Total | B51: =IF(COUNTA(B19:B50)>0,SUM(B65:B96),"") -> 130.38 | C51: =IF(COUNTA(C19:C50)>0,SUM(C65:C96),"") -> 1.07 | D51: =IF(COUNTA(D19:D50)>0,SUM(D65:D96),"") -> 40.022826 | E51: =IF(COUNTA(E19:E50)>0,SUM(E65:E96),"") -> 49.87 | F51: =IF(COUNTA(F19:F50)>0,SUM(F65:F96),"") -> 217.34 | G51: =IF(COUNTA(G19:G50)>0,SUM(G65:G96),"") -> 1
A52: Monthly Avg. | B52: =IF(ISNUMBER(AVERAGE(B65:B96)),AVERAGE(B65:B96),"") -> 4.2058065 | C52: =IF(ISNUMBER(AVERAGE(C65:C96)),AVERAGE(C65:C96),"") -> 0.034516129 | D52: =IF(ISNUMBER(AVERAGE(D65:D96)),AVERAGE(D65:D96),"") -> 1.2910589 | E52: =IF(ISNUMBER(AVERAGE(E65:E96)),AVERAGE(E65:E96),"") -> 49.87 | F52: =IF(ISNUMBER(AVERAGE(F65:F96)),AVERAGE(F65:F96),"") -> 7.0109677 | G52: =IF(ISNUMBER(AVERAGE(G65:G96)),AVERAGE(G65:G96),"") -> 1
A53: Daily Max. | B53: =IF(MAX(B65:B96)=0,"",MAX(B65:B96)) -> 10.88 | C53: =IF(MAX(C65:C96)=0,"",MAX(C65:C96)) -> 0.08 | D53: =IF(MAX(D65:D96)=0,"",MAX(D65:D96)) -> 3.357684 | E53: =IF(MAX(E65:E96)=0,"",MAX(E65:E96)) -> 49.87 | F53: =IF(MAX(F65:F96)=0,"",MAX(F65:F96)) -> 8.83 | G53: =IF(MAX(G65:G96)=0,"",MAX(G65:G96)) -> 1
A54: Daily Min. | B54: =IF(MIN(B65:B96)=0,"",MIN(B65:B96)) -> 0.88 | C54: =IF(MIN(C65:C96)=0,"",MIN(C65:C96)) | D54: =IF(MIN(D65:D96)=0,"",MIN(D65:D96)) | E54: =IF(MIN(E65:E96)=0,"",MIN(E65:E96)) -> 49.87 | F54: =IF(MIN(F65:F96)=0,"",MIN(F65:F96)) -> 1 | G54: =IF(MIN(G65:G96)=0,"",MIN(G65:G96)) -> 1
A55: Max. 7/Avg. | B55: =IF(MAX(B57:B60)=0,"",MAX(B57:B60)) -> 5.1614286 | C55: =IF(MAX(C57:C60)=0,"",MAX(C57:C60)) -> 0.042857143 | D55: =IF(MAX(D57:D60)=0,"",MAX(D57:D60)) -> 1.671336 | E55: =IF(MAX(E57:E60)=0,"",MAX(E57:E60)) -> 49.87 | F55: =IF(MAX(F57:F60)=0,"",MAX(F57:F60)) -> 7.1285714 | G55: =IF(MAX(G57:G60)=0,"",MAX(G57:G60)) -> 1
A57: Week 1 Avg. | B57: =IF(SUM(B65:B71)>0,AVERAGE(B65:B71),"") -> 3.29 | C57: =IF(SUM(C65:C71)>0,AVERAGE(C65:C71),"") -> 0.042857143 | D57: =IF(SUM(D65:D71)>0,AVERAGE(D65:D71),"") -> 1.2032237 | E57: =IF(SUM(E65:E71)>0,AVERAGE(E65:E71),"") | F57: =IF(SUM(F65:F71)>0,AVERAGE(F65:F71),"") -> 6.81 | G57: =IF(SUM(G65:G71)>0,AVERAGE(G65:G71),"")
A58: Week 2 Avg. | B58: =IF(SUM(B72:B78)>0,AVERAGE(B72:B78),"") -> 3.6257143 | C58: =IF(SUM(C72:C78)>0,AVERAGE(C72:C78),"") -> 0.031428571 | D58: =IF(SUM(D72:D78)>0,AVERAGE(D72:D78),"") -> 0.91871057 | E58: =IF(SUM(E72:E78)>0,AVERAGE(E72:E78),"") -> 49.87 | F58: =IF(SUM(F72:F78)>0,AVERAGE(F72:F78),"") -> 6.9157143 | G58: =IF(SUM(G72:G78)>0,AVERAGE(G72:G78),"") -> 1
A59: Week 3 Avg. | B59: =IF(SUM(B79:B85)>0,AVERAGE(B79:B85),"") -> 5.0128571 | C59: =IF(SUM(C79:C85)>0,AVERAGE(C79:C85),"") -> 0.032857143 | D59: =IF(SUM(D79:D85)>0,AVERAGE(D79:D85),"") -> 1.5122803 | E59: =IF(SUM(E79:E85)>0,AVERAGE(E79:E85),"") | F59: =IF(SUM(F79:F85)>0,AVERAGE(F79:F85),"") -> 7.1285714 | G59: =IF(SUM(G79:G85)>0,AVERAGE(G79:G85),"")
A60: Week 4 Avg. | B60: =IF(SUM(B86:B92)>0,AVERAGE(B86:B92),"") -> 5.1614286 | C60: =IF(SUM(C86:C92)>0,AVERAGE(C86:C92),"") -> 0.035714286 | D60: =IF(SUM(D86:D92)>0,AVERAGE(D86:D92),"") -> 1.671336 | E60: =IF(SUM(E86:E92)>0,AVERAGE(E86:E92),"") | F60: =IF(SUM(F86:F92)>0,AVERAGE(F86:F92),"") -> 6.9857143 | G60: =IF(SUM(G86:G92)>0,AVERAGE(G86:G92),"")
A65: Calc: 1 | B65: =IF(LEFT(B19,1) = "<",0, IF(ISBLANK(B19),"",B19)) -> 1.36 | C65: =IF(LEFT(C19,1) = "<",0, IF(ISBLANK(C19),"",C19)) -> 0.01 | D65: =IF(LEFT(D19,1) = "<",0, IF(ISBLANK(D19),"",D19)) -> 0.113424 | E65: =IF(LEFT(E19,1) = "<",0, IF(ISBLANK(E19),"",E19)) | F65: =IF(LEFT(F19,1) = "<",0, IF(ISBLANK(F19),"",F19)) -> 1 | G65: =IF(LEFT(G19,1) = "<",0, IF(ISBLANK(G19),"",G19))
A66: Calc: 2 | B66: =IF(LEFT(B20,1) = "<",0, IF(ISBLANK(B20),"",B20)) -> 3.39 | C66: =IF(LEFT(C20,1) = "<",0, IF(ISBLANK(C20),"",C20)) -> 0.03 | D66: =IF(LEFT(D20,1) = "<",0, IF(ISBLANK(D20),"",D20)) -> 0.848178 | E66: =IF(LEFT(E20,1) = "<",0, IF(ISBLANK(E20),"",E20)) | F66: =IF(LEFT(F20,1) = "<",0, IF(ISBLANK(F20),"",F20)) -> 6.99 | G66: =IF(LEFT(G20,1) = "<",0, IF(ISBLANK(G20),"",G20))
A67: Calc: 3 | B67: =IF(LEFT(B21,1) = "<",0, IF(ISBLANK(B21),"",B21)) -> 2.92 | C67: =IF(LEFT(C21,1) = "<",0, IF(ISBLANK(C21),"",C21)) -> 0.06 | D67: =IF(LEFT(D21,1) = "<",0, IF(ISBLANK(D21),"",D21)) -> 1.461168 | E67: =IF(LEFT(E21,1) = "<",0, IF(ISBLANK(E21),"",E21)) | F67: =IF(LEFT(F21,1) = "<",0, IF(ISBLANK(F21),"",F21)) -> 8.83 | G67: =IF(LEFT(G21,1) = "<",0, IF(ISBLANK(G21),"",G21))
A68: Calc: 4 | B68: =IF(LEFT(B22,1) = "<",0, IF(ISBLANK(B22),"",B22)) -> 6.4 | C68: =IF(LEFT(C22,1) = "<",0, IF(ISBLANK(C22),"",C22)) -> 0.04 | D68: =IF(LEFT(D22,1) = "<",0, IF(ISBLANK(D22),"",D22)) -> 2.13504 | E68: =IF(LEFT(E22,1) = "<",0, IF(ISBLANK(E22),"",E22)) | F68: =IF(LEFT(F22,1) = "<",0, IF(ISBLANK(F22),"",F22)) -> 8.75 | G68: =IF(LEFT(G22,1) = "<",0, IF(ISBLANK(G22),"",G22))
A69: Calc: 5 | B69: =IF(LEFT(B23,1) = "<",0, IF(ISBLANK(B23),"",B23)) -> 1.75 | C69: =IF(LEFT(C23,1) = "<",0, IF(ISBLANK(C23),"",C23)) -> 0.03 | D69: =IF(LEFT(D23,1) = "<",0, IF(ISBLANK(D23),"",D23)) -> 0.43785 | E69: =IF(LEFT(E23,1) = "<",0, IF(ISBLANK(E23),"",E23)) | F69: =IF(LEFT(F23,1) = "<",0, IF(ISBLANK(F23),"",F23)) -> 6.7 | G69: =IF(LEFT(G23,1) = "<",0, IF(ISBLANK(G23),"",G23))
A70: Calc: 6 | B70: =IF(LEFT(B24,1) = "<",0, IF(ISBLANK(B24),"",B24)) -> 1.68 | C70: =IF(LEFT(C24,1) = "<",0, IF(ISBLANK(C24),"",C24)) -> 0.08 | D70: =IF(LEFT(D24,1) = "<",0, IF(ISBLANK(D24),"",D24)) -> 1.120896 | E70: =IF(LEFT(E24,1) = "<",0, IF(ISBLANK(E24),"",E24)) | F70: =IF(LEFT(F24,1) = "<",0, IF(ISBLANK(F24),"",F24)) -> 7.9 | G70: =IF(LEFT(G24,1) = "<",0, IF(ISBLANK(G24),"",G24))
A71: Calc: 7 | B71: =IF(LEFT(B25,1) = "<",0, IF(ISBLANK(B25),"",B25)) -> 5.53 | C71: =IF(LEFT(C25,1) = "<",0, IF(ISBLANK(C25),"",C25)) -> 0.05 | D71: =IF(LEFT(D25,1) = "<",0, IF(ISBLANK(D25),"",D25)) -> 2.30601 | E71: =IF(LEFT(E25,1) = "<",0, IF(ISBLANK(E25),"",E25)) | F71: =IF(LEFT(F25,1) = "<",0, IF(ISBLANK(F25),"",F25)) -> 7.5 | G71: =IF(LEFT(G25,1) = "<",0, IF(ISBLANK(G25),"",G25))
A72: Calc: 8 | B72: =IF(LEFT(B26,1) = "<",0, IF(ISBLANK(B26),"",B26)) -> 3.75 | C72: =IF(LEFT(C26,1) = "<",0, IF(ISBLANK(C26),"",C26)) -> 0.02 | D72: =IF(LEFT(D26,1) = "<",0, IF(ISBLANK(D26),"",D26)) -> 0.6255 | E72: =IF(LEFT(E26,1) = "<",0, IF(ISBLANK(E26),"",E26)) | F72: =IF(LEFT(F26,1) = "<",0, IF(ISBLANK(F26),"",F26)) -> 7.2 | G72: =IF(LEFT(G26,1) = "<",0, IF(ISBLANK(G26),"",G26))
A73: Calc: 9 | B73: =IF(LEFT(B27,1) = "<",0, IF(ISBLANK(B27),"",B27)) -> 0.88 | C73: =IF(LEFT(C27,1) = "<",0, IF(ISBLANK(C27),"",C27)) -> 0.04 | D73: =IF(LEFT(D27,1) = "<",0, IF(ISBLANK(D27),"",D27)) -> 0.293568 | E73: =IF(LEFT(E27,1) = "<",0, IF(ISBLANK(E27),"",E27)) | F73: =IF(LEFT(F27,1) = "<",0, IF(ISBLANK(F27),"",F27)) -> 7.2 | G73: =IF(LEFT(G27,1) = "<",0, IF(ISBLANK(G27),"",G27))
A74: Calc: 10 | B74: =IF(LEFT(B28,1) = "<",0, IF(ISBLANK(B28),"",B28)) -> 3.04 | C74: =IF(LEFT(C28,1) = "<",0, IF(ISBLANK(C28),"",C28)) -> 0.04 | D74: =IF(LEFT(D28,1) = "<",0, IF(ISBLANK(D28),"",D28)) -> 1.014144 | E74: =IF(LEFT(E28,1) = "<",0, IF(ISBLANK(E28),"",E28)) -> 49.87 | F74: =IF(LEFT(F28,1) = "<",0, IF(ISBLANK(F28),"",F28)) -> 7 | G74: =IF(LEFT(G28,1) = "<",0, IF(ISBLANK(G28),"",G28)) -> 1
A75: Calc: 11 | B75: =IF(LEFT(B29,1) = "<",0, IF(ISBLANK(B29),"",B29)) -> 4.52 | C75: =IF(LEFT(C29,1) = "<",0, IF(ISBLANK(C29),"",C29)) -> 0.05 | D75: =IF(LEFT(D29,1) = "<",0, IF(ISBLANK(D29),"",D29)) -> 1.88484 | E75: =IF(LEFT(E29,1) = "<",0, IF(ISBLANK(E29),"",E29)) | F75: =IF(LEFT(F29,1) = "<",0, IF(ISBLANK(F29),"",F29)) -> 6.21 | G75: =IF(LEFT(G29,1) = "<",0, IF(ISBLANK(G29),"",G29))
A76: Calc: 12 | B76: =IF(LEFT(B30,1) = "<",0, IF(ISBLANK(B30),"",B30)) -> 4.95 | C76: =IF(LEFT(C30,1) = "<",0, IF(ISBLANK(C30),"",C30)) -> 0.03 | D76: =IF(LEFT(D30,1) = "<",0, IF(ISBLANK(D30),"",D30)) -> 1.23849 | E76: =IF(LEFT(E30,1) = "<",0, IF(ISBLANK(E30),"",E30)) | F76: =IF(LEFT(F30,1) = "<",0, IF(ISBLANK(F30),"",F30)) -> 6.7 | G76: =IF(LEFT(G30,1) = "<",0, IF(ISBLANK(G30),"",G30))
... A95: Calc: 31 | B95: =IF(LEFT(B49,1) = "<",0, IF(ISBLANK(B49),"",B49)) -> 2.82 | C95: =IF(LEFT(C49,1) = "<",0, IF(ISBLANK(C49),"",C49)) -> 0 | D95: =IF(LEFT(D49,1) = "<",0, IF(ISBLANK(D49),"",D49)) -> 0 | E95: =IF(LEFT(E49,1) = "<",0, IF(ISBLANK(E49),"",E49)) | F95: =IF(LEFT(F49,1) = "<",0, IF(ISBLANK(F49),"",F49)) -> 7.2 | G95: =IF(LEFT(G49,1) = "<",0, IF(ISBLANK(G49),"",G49))
B96: =IF(LEFT(B50,1) = "<",0, IF(ISBLANK(B50),"",B50)) | C96: =IF(LEFT(C50,1) = "<",0, IF(ISBLANK(C50),"",C50)) | D96: =IF(LEFT(D50,1) = "<",0, IF(ISBLANK(D50),"",D50)) | E96: =IF(LEFT(E50,1) = "<",0, IF(ISBLANK(E50),"",E50)) | F96: =IF(LEFT(F50,1) = "<",0, IF(ISBLANK(F50),"",F50)) | G96: =IF(LEFT(G50,1) = "<",0, IF(ISBLANK(G50),"",G50))

Sheet 011-EFFLUENT
A1: Permit # | B1: 5640101 | E1: Monthly Operation Report IOWA DEPARTMENT OF NATURAL RESOURCES NPDS - Operation Permit System EFFLUENT Data | F1: Monthly Operation Report IOWA DEPARTMENT OF NATURAL RESOURCES NPDS - Operation Permit System EFFLUENT Data | G1: Monthly Operation Report IOWA DEPARTMENT OF NATURAL RESOURCES NPDS - Operation Permit System EFFLUENT Data
A2: Facility Name: | B2: ROQUETTE AMERICA, INC. | C2: ROQUETTE AMERICA, INC. | D2: ROQUETTE AMERICA, INC. | E2: Monthly Operation Report IOWA DEPARTMENT OF NATURAL RESOURCES NPDS - Operation Permit System EFFLUENT Data | F2: Monthly Operation Report IOWA DEPARTMENT OF NATURAL RESOURCES NPDS - Operation Permit System EFFLUENT Data | G2: Monthly Operation Report IOWA DEPARTMENT OF NATURAL RESOURCES NPDS - Operation Permit System EFFLUENT Data
B3: ROQUETTE AMERICA, INC. | C3: ROQUETTE AMERICA, INC. | D3: ROQUETTE AMERICA, INC. | E3: Monthly Operation Report IOWA DEPARTMENT OF NATURAL RESOURCES NPDS - Operation Permit System EFFLUENT Data | F3: Monthly Operation Report IOWA DEPARTMENT OF NATURAL RESOURCES NPDS - Operation Permit System EFFLUENT Data | G3: Monthly Operation Report IOWA DEPARTMENT OF NATURAL RESOURCES NPDS - Operation Permit System EFFLUENT Data
E4: Monthly Operation Report IOWA DEPARTMENT OF NATURAL RESOURCES NPDS - Operation Permit System EFFLUENT Data | F4: Monthly Operation Report IOWA DEPARTMENT OF NATURAL RESOURCES NPDS - Operation Permit System EFFLUENT Data | G4: Monthly Operation Report IOWA DEPARTMENT OF NATURAL RESOURCES NPDS - Operation Permit System EFFLUENT Data
A5: Outfall #: | B5: 011
A6: Month/Year: | B6: =Cover!C13 & "-" & Cover!D13 -> 12-2025
A9: Mon. Point | B9: FINAL EFFLUENT FROM SAMPLER IN ENCLOSURE ON THE SOUTH FACE OF REFINERY E | C9: FINAL EFFLUENT FROM SAMPLER IN ENCLOSURE ON THE SOUTH FACE OF REFINERY E | D9: FINAL EFFLUENT FROM SAMPLER IN ENCLOSURE ON THE SOUTH FACE OF REFINERY E | E9: FINAL EFFLUENT FROM SAMPLER IN ENCLOSURE ON THE SOUTH FACE OF REFINERY E | F9: FINAL EFFLUENT FROM SAMPLER IN ENCLOSURE ON THE SOUTH FACE OF REFINERY E | G9: STORMWATER. SEE STORM WATER REQUIREMENTS.
A10: Parameter | B10: FLOW | C10: TRC | D10: TRC | E10: TEMP | F10: PH | G10: STRMWAT
A11: Units | B11: MGD | C11: MG/L | D11: LBS/DAY | E11: FAHRENHEIT | F11: STD UNITS | G11: VISUAL
A12: Frequency | B12: 1 EVERY MONTH | C12: 1 EVERY MONTH | D12: 1 EVERY MONTH | E12: 1 EVERY MONTH | F12: 1 EVERY MONTH | G12: QUARTERLY
A13: Start Date | B13: Permit Duration | C13: Permit Duration | D13: Permit Duration | E13: Permit Duration | F13: Permit Duration | G13: Permit Duration
A14: End Date | B14: Permit Duration | C14: Permit Duration | D14: Permit Duration | E14: Permit Duration | F14: Permit Duration | G14: Permit Duration
A15: No Discharge | B15: 13 - NO DISCHARGE | D15: 13 - NO DISCHARGE
A16: LOQ
A17: MonReq ID | B17: 142688 | C17: 142769 | D17: 142769 | E17: 144291 | F17: 142689 | G17: 142786
A18: UnitID | B18: 157 | C18: 162 | D18: 164 | E18: 159 | F18: 156 | G18: 835
A19: Day: 1 | B19: 0 | C19: 0.07 | D19: =IF(LEFT(C19,1)="<","<",IF(AND(ISNUMBER('011-EFFLUENT'!B65),ISNUMBER(C65)),SUM(('011-EFFLUENT'!B65 * C65) * 8.34),"")) -> 0 | F19: 9.6
A20: 2 | B20: 0 | C20: 0.03 | D20: =IF(LEFT(C20,1)="<","<",IF(AND(ISNUMBER('011-EFFLUENT'!B66),ISNUMBER(C66)),SUM(('011-EFFLUENT'!B66 * C66) * 8.34),"")) -> 0 | F20: 6.77
A21: 3 | B21: 0 | C21: 0.05 | D21: =IF(LEFT(C21,1)="<","<",IF(AND(ISNUMBER('011-EFFLUENT'!B67),ISNUMBER(C67)),SUM(('011-EFFLUENT'!B67 * C67) * 8.34),"")) -> 0 | F21: 8.09
A22: 4 | B22: 0 | C22: 0.01 | D22: =IF(LEFT(C22,1)="<","<",IF(AND(ISNUMBER('011-EFFLUENT'!B68),ISNUMBER(C68)),SUM(('011-EFFLUENT'!B68 * C68) * 8.34),"")) -> 0 | F22: 8
A23: 5 | B23: 0 | C23: 0.04 | D23: =IF(LEFT(C23,1)="<","<",IF(AND(ISNUMBER('011-EFFLUENT'!B69),ISNUMBER(C69)),SUM(('011-EFFLUENT'!B69 * C69) * 8.34),"")) -> 0 | F23: 7.1
A24: 6 | B24: 0 | C24: 0.02 | D24: =IF(LEFT(C24,1)="<","<",IF(AND(ISNUMBER('011-EFFLUENT'!B70),ISNUMBER(C70)),SUM(('011-EFFLUENT'!B70 * C70) * 8.34),"")) -> 0 | F24: 7
A25: 7 | B25: 0 | C25: 0.01 | D25: =IF(LEFT(C25,1)="<","<",IF(AND(ISNUMBER('011-EFFLUENT'!B71),ISNUMBER(C71)),SUM(('011-EFFLUENT'!B71 * C71) * 8.34),"")) -> 0 | F25: 6.8
A26: 8 | B26: 0 | C26: 0.03 | D26: =IF(LEFT(C26,1)="<","<",IF(AND(ISNUMBER('011-EFFLUENT'!B72),ISNUMBER(C72)),SUM(('011-EFFLUENT'!B72 * C72) * 8.34),"")) -> 0 | F26: 7
A27: 9 | B27: 0 | C27: 0.01 | D27: =IF(LEFT(C27,1)="<","<",IF(AND(ISNUMBER('011-EFFLUENT'!B73),ISNUMBER(C73)),SUM(('011-EFFLUENT'!B73 * C73) * 8.34),"")) -> 0 | F27: 7.1
A28: 10 | B28: 0 | C28: 0.01 | D28: =IF(LEFT(C28,1)="<","<",IF(AND(ISNUMBER('011-EFFLUENT'!B74),ISNUMBER(C74)),SUM(('011-EFFLUENT'!B74 * C74) * 8.34),"")) -> 0 | E28: 60.32 | F28: 7.2 | G28: 1
A29: 11 | B29: 0 | C29: 0.02 | D29: =IF(LEFT(C29,1)="<","<",IF(AND(ISNUMBER('011-EFFLUENT'!B75),ISNUMBER(C75)),SUM(('011-EFFLUENT'!B75 * C75) * 8.34),"")) -> 0 | F29: 7.14
A30: 12 | B30: 0 | C30: 0.03 | D30: =IF(LEFT(C30,1)="<","<",IF(AND(ISNUMBER('011-EFFLUENT'!B76),ISNUMBER(C76)),SUM(('011-EFFLUENT'!B76 * C76) * 8.34),"")) -> 0 | F30: 7.2
A31: 13 | B31: 0 | C31: 0.02 | D31: =IF(LEFT(C31,1)="<","<",IF(AND(ISNUMBER('011-EFFLUENT'!B77),ISNUMBER(C77)),SUM(('011-EFFLUENT'!B77 * C77) * 8.34),"")) -> 0 | F31: 7.1
A32: 14 | B32: 0 | C32: 0.03 | D32: =IF(LEFT(C32,1)="<","<",IF(AND(ISNUMBER('011-EFFLUENT'!B78),ISNUMBER(C78)),SUM(('011-EFFLUENT'!B78 * C78) * 8.34),"")) -> 0 | F32: 6.9
A33: 15 | B33: 0 | C33: 0.05 | D33: =IF(LEFT(C33,1)="<","<",IF(AND(ISNUMBER('011-EFFLUENT'!B79),ISNUMBER(C79)),SUM(('011-EFFLUENT'!B79 * C79) * 8.34),"")) -> 0 | F33: 7.1
A34: 16 | B34: 0 | C34: 0.04 | D34: =IF(LEFT(C34,1)="<","<",IF(AND(ISNUMBER('011-EFFLUENT'!B80),ISNUMBER(C80)),SUM(('011-EFFLUENT'!B80 * C80) * 8.34),"")) -> 0 | F34: 7.3
A35: 17 | B35: 0 | C35: 0.03 | D35: =IF(LEFT(C35,1)="<","<",IF(AND(ISNUMBER('011-EFFLUENT'!B81),ISNUMBER(C81)),SUM(('011-EFFLUENT'!B81 * C81) * 8.34),"")) -> 0 | F35: 6.9
A36: 18 | B36: 0 | C36: 0.04 | D36: =IF(LEFT(C36,1)="<","<",IF(AND(ISNUMBER('011-EFFLUENT'!B82),ISNUMBER(C82)),SUM(('011-EFFLUENT'!B82 * C82) * 8.34),"")) -> 0 | F36: 7
A37: 19 | B37: 0 | C37: 0.03 | D37: =IF(LEFT(C37,1)="<","<",IF(AND(ISNUMBER('011-EFFLUENT'!B83),ISNUMBER(C83)),SUM(('011-EFFLUENT'!B83 * C83) * 8.34),"")) -> 0 | F37: 6.8
A38: 20 | B38: 0 | C38: 0.02 | D38: =IF(LEFT(C38,1)="<","<",IF(AND(ISNUMBER('011-EFFLUENT'!B84),ISNUMBER(C84)),SUM(('011-EFFLUENT'!B84 * C84) * 8.34),"")) -> 0 | F38: 7.3
A39: 21 | B39: 0 | C39: 0.03 | D39: =IF(LEFT(C39,1)="<","<",IF(AND(ISNUMBER('011-EFFLUENT'!B85),ISNUMBER(C85)),SUM(('011-EFFLUENT'!B85 * C85) * 8.34),"")) -> 0 | F39: 7
A40: 22 | B40: 0 | C40: 0.05 | D40: =IF(LEFT(C40,1)="<","<",IF(AND(ISNUMBER('011-EFFLUENT'!B86),ISNUMBER(C86)),SUM(('011-EFFLUENT'!B86 * C86) * 8.34),"")) -> 0 | F40: 7.1
... A49: 31 | B49: 0 | C49: 0.01 | D49: =IF(LEFT(C49,1)="<","<",IF(AND(ISNUMBER('011-EFFLUENT'!B95),ISNUMBER(C95)),SUM(('011-EFFLUENT'!B95 * C95) * 8.34),"")) -> 0 | F49: 7.3
D50: =IF(LEFT(C50,1)="<","<",IF(AND(ISNUMBER('011-EFFLUENT'!B96),ISNUMBER(C96)),SUM(('011-EFFLUENT'!B96 * C96) * 8.34),""))
A51: Total | B51: =IF(COUNTA(B19:B50)>0,SUM(B65:B96),"") -> 0 | C51: =IF(COUNTA(C19:C50)>0,SUM(C65:C96),"") -> 0.87 | D51: =IF(COUNTA(D19:D50)>0,SUM(D65:D96),"") -> 0 | E51: =IF(COUNTA(E19:E50)>0,SUM(E65:E96),"") -> 60.32 | F51: =IF(COUNTA(F19:F50)>0,SUM(F65:F96),"") -> 224.24 | G51: =IF(COUNTA(G19:G50)>0,SUM(G65:G96),"") -> 1
A52: Monthly Avg. | B52: =IF(ISNUMBER(AVERAGE(B65:B96)),AVERAGE(B65:B96),"") -> 0 | C52: =IF(ISNUMBER(AVERAGE(C65:C96)),AVERAGE(C65:C96),"") -> 0.028064516 | D52: =IF(ISNUMBER(AVERAGE(D65:D96)),AVERAGE(D65:D96),"") -> 0 | E52: =IF(ISNUMBER(AVERAGE(E65:E96)),AVERAGE(E65:E96),"") -> 60.32 | F52: =IF(ISNUMBER(AVERAGE(F65:F96)),AVERAGE(F65:F96),"") -> 7.2335484 | G52: =IF(ISNUMBER(AVERAGE(G65:G96)),AVERAGE(G65:G96),"") -> 1
A53: Daily Max. | B53: =IF(MAX(B65:B96)=0,"",MAX(B65:B96)) | C53: =IF(MAX(C65:C96)=0,"",MAX(C65:C96)) -> 0.07 | D53: =IF(MAX(D65:D96)=0,"",MAX(D65:D96)) | E53: =IF(MAX(E65:E96)=0,"",MAX(E65:E96)) -> 60.32 | F53: =IF(MAX(F65:F96)=0,"",MAX(F65:F96)) -> 9.6 | G53: =IF(MAX(G65:G96)=0,"",MAX(G65:G96)) -> 1
A54: Daily Min. | B54: =IF(MIN(B65:B96)=0,"",MIN(B65:B96)) | C54: =IF(MIN(C65:C96)=0,"",MIN(C65:C96)) | D54: =IF(MIN(D65:D96)=0,"",MIN(D65:D96)) | E54: =IF(MIN(E65:E96)=0,"",MIN(E65:E96)) -> 60.32 | F54: =IF(MIN(F65:F96)=0,"",MIN(F65:F96)) -> 6.77 | G54: =IF(MIN(G65:G96)=0,"",MIN(G65:G96)) -> 1
A55: Max. 7/Avg. | B55: =IF(MAX(B57:B60)=0,"",MAX(B57:B60)) | C55: =IF(MAX(C57:C60)=0,"",MAX(C57:C60)) -> 0.034285714 | D55: =IF(MAX(D57:D60)=0,"",MAX(D57:D60)) | E55: =IF(MAX(E57:E60)=0,"",MAX(E57:E60)) -> 60.32 | F55: =IF(MAX(F57:F60)=0,"",MAX(F57:F60)) -> 7.6228571 | G55: =IF(MAX(G57:G60)=0,"",MAX(G57:G60)) -> 1
A57: Week 1 Avg. | B57: =IF(SUM(B65:B71)>0,AVERAGE(B65:B71),"") | C57: =IF(SUM(C65:C71)>0,AVERAGE(C65:C71),"") -> 0.032857143 | D57: =IF(SUM(D65:D71)>0,AVERAGE(D65:D71),"") | E57: =IF(SUM(E65:E71)>0,AVERAGE(E65:E71),"") | F57: =IF(SUM(F65:F71)>0,AVERAGE(F65:F71),"") -> 7.6228571 | G57: =IF(SUM(G65:G71)>0,AVERAGE(G65:G71),"")
A58: Week 2 Avg. | B58: =IF(SUM(B72:B78)>0,AVERAGE(B72:B78),"") | C58: =IF(SUM(C72:C78)>0,AVERAGE(C72:C78),"") -> 0.021428571 | D58: =IF(SUM(D72:D78)>0,AVERAGE(D72:D78),"") | E58: =IF(SUM(E72:E78)>0,AVERAGE(E72:E78),"") -> 60.32 | F58: =IF(SUM(F72:F78)>0,AVERAGE(F72:F78),"") -> 7.0914286 | G58: =IF(SUM(G72:G78)>0,AVERAGE(G72:G78),"") -> 1
A59: Week 3 Avg. | B59: =IF(SUM(B79:B85)>0,AVERAGE(B79:B85),"") | C59: =IF(SUM(C79:C85)>0,AVERAGE(C79:C85),"") -> 0.034285714 | D59: =IF(SUM(D79:D85)>0,AVERAGE(D79:D85),"") | E59: =IF(SUM(E79:E85)>0,AVERAGE(E79:E85),"") | F59: =IF(SUM(F79:F85)>0,AVERAGE(F79:F85),"") -> 7.0571429 | G59: =IF(SUM(G79:G85)>0,AVERAGE(G79:G85),"")
A60: Week 4 Avg. | B60: =IF(SUM(B86:B92)>0,AVERAGE(B86:B92),"") | C60: =IF(SUM(C86:C92)>0,AVERAGE(C86:C92),"") -> 0.027142857 | D60: =IF(SUM(D86:D92)>0,AVERAGE(D86:D92),"") | E60: =IF(SUM(E86:E92)>0,AVERAGE(E86:E92),"") | F60: =IF(SUM(F86:F92)>0,AVERAGE(F86:F92),"") -> 7.0914286 | G60: =IF(SUM(G86:G92)>0,AVERAGE(G86:G92),"")
A65: Calc: 1 | B65: =IF(LEFT(B19,1) = "<",0, IF(ISBLANK(B19),"",B19)) -> 0 | C65: =IF(LEFT(C19,1) = "<",0, IF(ISBLANK(C19),"",C19)) -> 0.07 | D65: =IF(LEFT(D19,1) = "<",0, IF(ISBLANK(D19),"",D19)) -> 0 | E65: =IF(LEFT(E19,1) = "<",0, IF(ISBLANK(E19),"",E19)) | F65: =IF(LEFT(F19,1) = "<",0, IF(ISBLANK(F19),"",F19)) -> 9.6 | G65: =IF(LEFT(G19,1) = "<",0, IF(ISBLANK(G19),"",G19))
A66: Calc: 2 | B66: =IF(LEFT(B20,1) = "<",0, IF(ISBLANK(B20),"",B20)) -> 0 | C66: =IF(LEFT(C20,1) = "<",0, IF(ISBLANK(C20),"",C20)) -> 0.03 | D66: =IF(LEFT(D20,1) = "<",0, IF(ISBLANK(D20),"",D20)) -> 0 | E66: =IF(LEFT(E20,1) = "<",0, IF(ISBLANK(E20),"",E20)) | F66: =IF(LEFT(F20,1) = "<",0, IF(ISBLANK(F20),"",F20)) -> 6.77 | G66: =IF(LEFT(G20,1) = "<",0, IF(ISBLANK(G20),"",G20))
A67: Calc: 3 | B67: =IF(LEFT(B21,1) = "<",0, IF(ISBLANK(B21),"",B21)) -> 0 | C67: =IF(LEFT(C21,1) = "<",0, IF(ISBLANK(C21),"",C21)) -> 0.05 | D67: =IF(LEFT(D21,1) = "<",0, IF(ISBLANK(D21),"",D21)) -> 0 | E67: =IF(LEFT(E21,1) = "<",0, IF(ISBLANK(E21),"",E21)) | F67: =IF(LEFT(F21,1) = "<",0, IF(ISBLANK(F21),"",F21)) -> 8.09 | G67: =IF(LEFT(G21,1) = "<",0, IF(ISBLANK(G21),"",G21))
A68: Calc: 4 | B68: =IF(LEFT(B22,1) = "<",0, IF(ISBLANK(B22),"",B22)) -> 0 | C68: =IF(LEFT(C22,1) = "<",0, IF(ISBLANK(C22),"",C22)) -> 0.01 | D68: =IF(LEFT(D22,1) = "<",0, IF(ISBLANK(D22),"",D22)) -> 0 | E68: =IF(LEFT(E22,1) = "<",0, IF(ISBLANK(E22),"",E22)) | F68: =IF(LEFT(F22,1) = "<",0, IF(ISBLANK(F22),"",F22)) -> 8 | G68: =IF(LEFT(G22,1) = "<",0, IF(ISBLANK(G22),"",G22))
A69: Calc: 5 | B69: =IF(LEFT(B23,1) = "<",0, IF(ISBLANK(B23),"",B23)) -> 0 | C69: =IF(LEFT(C23,1) = "<",0, IF(ISBLANK(C23),"",C23)) -> 0.04 | D69: =IF(LEFT(D23,1) = "<",0, IF(ISBLANK(D23),"",D23)) -> 0 | E69: =IF(LEFT(E23,1) = "<",0, IF(ISBLANK(E23),"",E23)) | F69: =IF(LEFT(F23,1) = "<",0, IF(ISBLANK(F23),"",F23)) -> 7.1 | G69: =IF(LEFT(G23,1) = "<",0, IF(ISBLANK(G23),"",G23))
A70: Calc: 6 | B70: =IF(LEFT(B24,1) = "<",0, IF(ISBLANK(B24),"",B24)) -> 0 | C70: =IF(LEFT(C24,1) = "<",0, IF(ISBLANK(C24),"",C24)) -> 0.02 | D70: =IF(LEFT(D24,1) = "<",0, IF(ISBLANK(D24),"",D24)) -> 0 | E70: =IF(LEFT(E24,1) = "<",0, IF(ISBLANK(E24),"",E24)) | F70: =IF(LEFT(F24,1) = "<",0, IF(ISBLANK(F24),"",F24)) -> 7 | G70: =IF(LEFT(G24,1) = "<",0, IF(ISBLANK(G24),"",G24))
A71: Calc: 7 | B71: =IF(LEFT(B25,1) = "<",0, IF(ISBLANK(B25),"",B25)) -> 0 | C71: =IF(LEFT(C25,1) = "<",0, IF(ISBLANK(C25),"",C25)) -> 0.01 | D71: =IF(LEFT(D25,1) = "<",0, IF(ISBLANK(D25),"",D25)) -> 0 | E71: =IF(LEFT(E25,1) = "<",0, IF(ISBLANK(E25),"",E25)) | F71: =IF(LEFT(F25,1) = "<",0, IF(ISBLANK(F25),"",F25)) -> 6.8 | G71: =IF(LEFT(G25,1) = "<",0, IF(ISBLANK(G25),"",G25))
A72: Calc: 8 | B72: =IF(LEFT(B26,1) = "<",0, IF(ISBLANK(B26),"",B26)) -> 0 | C72: =IF(LEFT(C26,1) = "<",0, IF(ISBLANK(C26),"",C26)) -> 0.03 | D72: =IF(LEFT(D26,1) = "<",0, IF(ISBLANK(D26),"",D26)) -> 0 | E72: =IF(LEFT(E26,1) = "<",0, IF(ISBLANK(E26),"",E26)) | F72: =IF(LEFT(F26,1) = "<",0, IF(ISBLANK(F26),"",F26)) -> 7 | G72: =IF(LEFT(G26,1) = "<",0, IF(ISBLANK(G26),"",G26))
A73: Calc: 9 | B73: =IF(LEFT(B27,1) = "<",0, IF(ISBLANK(B27),"",B27)) -> 0 | C73: =IF(LEFT(C27,1) = "<",0, IF(ISBLANK(C27),"",C27)) -> 0.01 | D73: =IF(LEFT(D27,1) = "<",0, IF(ISBLANK(D27),"",D27)) -> 0 | E73: =IF(LEFT(E27,1) = "<",0, IF(ISBLANK(E27),"",E27)) | F73: =IF(LEFT(F27,1) = "<",0, IF(ISBLANK(F27),"",F27)) -> 7.1 | G73: =IF(LEFT(G27,1) = "<",0, IF(ISBLANK(G27),"",G27))
A74: Calc: 10 | B74: =IF(LEFT(B28,1) = "<",0, IF(ISBLANK(B28),"",B28)) -> 0 | C74: =IF(LEFT(C28,1) = "<",0, IF(ISBLANK(C28),"",C28)) -> 0.01 | D74: =IF(LEFT(D28,1) = "<",0, IF(ISBLANK(D28),"",D28)) -> 0 | E74: =IF(LEFT(E28,1) = "<",0, IF(ISBLANK(E28),"",E28)) -> 60.32 | F74: =IF(LEFT(F28,1) = "<",0, IF(ISBLANK(F28),"",F28)) -> 7.2 | G74: =IF(LEFT(G28,1) = "<",0, IF(ISBLANK(G28),"",G28)) -> 1
A75: Calc: 11 | B75: =IF(LEFT(B29,1) = "<",0, IF(ISBLANK(B29),"",B29)) -> 0 | C75: =IF(LEFT(C29,1) = "<",0, IF(ISBLANK(C29),"",C29)) -> 0.02 | D75: =IF(LEFT(D29,1) = "<",0, IF(ISBLANK(D29),"",D29)) -> 0 | E75: =IF(LEFT(E29,1) = "<",0, IF(ISBLANK(E29),"",E29)) | F75: =IF(LEFT(F29,1) = "<",0, IF(ISBLANK(F29),"",F29)) -> 7.14 | G75: =IF(LEFT(G29,1) = "<",0, IF(ISBLANK(G29),"",G29))
A76: Calc: 12 | B76: =IF(LEFT(B30,1) = "<",0, IF(ISBLANK(B30),"",B30)) -> 0 | C76: =IF(LEFT(C30,1) = "<",0, IF(ISBLANK(C30),"",C30)) -> 0.03 | D76: =IF(LEFT(D30,1) = "<",0, IF(ISBLANK(D30),"",D30)) -> 0 | E76: =IF(LEFT(E30,1) = "<",0, IF(ISBLANK(E30),"",E30)) | F76: =IF(LEFT(F30,1) = "<",0, IF(ISBLANK(F30),"",F30)) -> 7.2 | G76: =IF(LEFT(G30,1) = "<",0, IF(ISBLANK(G30),"",G30))
... A95: Calc: 31 | B95: =IF(LEFT(B49,1) = "<",0, IF(ISBLANK(B49),"",B49)) -> 0 | C95: =IF(LEFT(C49,1) = "<",0, IF(ISBLANK(C49),"",C49)) -> 0.01 | D95: =IF(LEFT(D49,1) = "<",0, IF(ISBLANK(D49),"",D49)) -> 0 | E95: =IF(LEFT(E49,1) = "<",0, IF(ISBLANK(E49),"",E49)) | F95: =IF(LEFT(F49,1) = "<",0, IF(ISBLANK(F49),"",F49)) -> 7.3 | G95: =IF(LEFT(G49,1) = "<",0, IF(ISBLANK(G49),"",G49))
B96: =IF(LEFT(B50,1) = "<",0, IF(ISBLANK(B50),"",B50)) | C96: =IF(LEFT(C50,1) = "<",0, IF(ISBLANK(C50),"",C50)) | D96: =IF(LEFT(D50,1) = "<",0, IF(ISBLANK(D50),"",D50)) | E96: =IF(LEFT(E50,1) = "<",0, IF(ISBLANK(E50),"",E50)) | F96: =IF(LEFT(F50,1) = "<",0, IF(ISBLANK(F50),"",F50)) | G96: =IF(LEFT(G50,1) = "<",0, IF(ISBLANK(G50),"",G50))

Sheet 012-INFLUENT
A1: Permit # | B1: 5640101 | E1: Monthly Operation Report IOWA DEPARTMENT OF NATURAL RESOURCES NPDS - Operation Permit System INFLUENT Data | F1: Monthly Operation Report IOWA DEPARTMENT OF NATURAL RESOURCES NPDS - Operation Permit System INFLUENT Data | G1: Monthly Operation Report IOWA DEPARTMENT OF NATURAL RESOURCES NPDS - Operation Permit System INFLUENT Data
A2: Facility Name: | B2: ROQUETTE AMERICA, INC. | C2: ROQUETTE AMERICA, INC. | D2: ROQUETTE AMERICA, INC. | E2: Monthly Operation Report IOWA DEPARTMENT OF NATURAL RESOURCES NPDS - Operation Permit System INFLUENT Data | F2: Monthly Operation Report IOWA DEPARTMENT OF NATURAL RESOURCES NPDS - Operation Permit System INFLUENT Data | G2: Monthly Operation Report IOWA DEPARTMENT OF NATURAL RESOURCES NPDS - Operation Permit System INFLUENT Data
B3: ROQUETTE AMERICA, INC. | C3: ROQUETTE AMERICA, INC. | D3: ROQUETTE AMERICA, INC. | E3: Monthly Operation Report IOWA DEPARTMENT OF NATURAL RESOURCES NPDS - Operation Permit System INFLUENT Data | F3: Monthly Operation Report IOWA DEPARTMENT OF NATURAL RESOURCES NPDS - Operation Permit System INFLUENT Data | G3: Monthly Operation Report IOWA DEPARTMENT OF NATURAL RESOURCES NPDS - Operation Permit System INFLUENT Data
E4: Monthly Operation Report IOWA DEPARTMENT OF NATURAL RESOURCES NPDS - Operation Permit System INFLUENT Data | F4: Monthly Operation Report IOWA DEPARTMENT OF NATURAL RESOURCES NPDS - Operation Permit System INFLUENT Data | G4: Monthly Operation Report IOWA DEPARTMENT OF NATURAL RESOURCES NPDS - Operation Permit System INFLUENT Data
A5: Outfall #: | B5: 012
A6: Month/Year: | B6: =Cover!C13 & "-" & Cover!D13 -> 12-2025
A9: Mon. Point | B9: RAW WASTE | C9: RAW WASTE | D9: RAW WASTE | E9: RAW WASTE | F9: RAW WASTE | G9: RAW WASTE | H9: RAW WASTE | I9: RAW WASTE | J9: RAW WASTE | K9: RAW WASTE | L9: RAW WASTE | M9: RAW WASTE | N9: RAW WASTE
A10: Parameter | B10: FLOW | C10: BOD5 | D10: BOD5 | E10: TSS | F10: TSS | G10: TOT-N | H10: TOT-N | I10: TKN | J10: TKN | K10: PHOS | L10: PHOS | M10: TEMP | N10: PH
A11: Units | B11: MGD | C11: MG/L | D11: LBS/DAY | E11: MG/L | F11: LBS/DAY | G11: MG/L | H11: LBS/DAY | I11: MG/L | J11: LBS/DAY | K11: MG/L | L11: LBS/DAY | M11: FAHRENHEIT | N11: STD UNITS
A12: Frequency | B12: 7/WEEK OR DAILY | C12: 7/WEEK OR DAILY | D12: 7/WEEK OR DAILY | E12: 7/WEEK OR DAILY | F12: 7/WEEK OR DAILY | G12: 1 TIME PER WEEK | H12: 1 TIME PER WEEK | I12: 1 EVERY 2 WEEKS | J12: 1 EVERY 2 WEEKS | K12: 1 TIME PER WEEK | L12: 1 TIME PER WEEK | M12: 7/WEEK OR DAILY | N12: 7/WEEK OR DAILY
A13: Start Date | B13: Permit Duration | C13: Permit Duration | D13: Permit Duration | E13: Permit Duration | F13: Permit Duration | G13: Permit Duration | H13: Permit Duration | I13: Permit Duration | J13: Permit Duration | K13: Permit Duration | L13: Permit Duration | M13: Permit Duration | N13: Permit Duration
A14: End Date | B14: Permit Duration | C14: Permit Duration | D14: Permit Duration | E14: Permit Duration | F14: Permit Duration | G14: Permit Duration | H14: Permit Duration | I14: Permit Duration | J14: Permit Duration | K14: Permit Duration | L14: Permit Duration | M14: Permit Duration | N14: Permit Duration
A15: No Discharge
A16: LOQ
A17: MonReq ID | B17: 142690 | C17: 142691 | D17: 142691 | E17: 142692 | F17: 142692 | G17: 142787 | H17: 142787 | I17: 142770 | J17: 142770 | K17: 142788 | L17: 142788 | M17: 142694 | N17: 142693
A18: UnitID | B18: 157 | C18: 162 | D18: 164 | E18: 162 | F18: 164 | G18: 162 | H18: 164 | I18: 162 | J18: 164 | K18: 162 | L18: 164 | M18: 159 | N18: 156
A19: Day: 1 | B19: 2.82749 | C19: 2080 | D19: =IF(LEFT(C19,1)="<","<",IF(AND(ISNUMBER('012-INFLUENT'!B65),ISNUMBER(C65)),SUM(('012-INFLUENT'!B65 * C65) * 8.34),"")) -> 49049.035 | E19: 365 | F19: =IF(LEFT(E19,1)="<","<",IF(AND(ISNUMBER('012-INFLUENT'!B65),ISNUMBER(E65)),SUM(('012-INFLUENT'!B65 * E65) * 8.34),"")) -> 8607.1623 | H19: =IF(LEFT(G19,1)="<","<",IF(AND(ISNUMBER('012-INFLUENT'!B65),ISNUMBER(G65)),SUM(('012-INFLUENT'!B65 * G65) * 8.34),"")) | J19: =IF(LEFT(I19,1)="<","<",IF(AND(ISNUMBER('012-INFLUENT'!B65),ISNUMBER(I65)),SUM(('012-INFLUENT'!B65 * I65) * 8.34),"")) | L19: =IF(LEFT(K19,1)="<","<",IF(AND(ISNUMBER('012-INFLUENT'!B65),ISNUMBER(K65)),SUM(('012-INFLUENT'!B65 * K65) * 8.34),"")) | M19: 65 | N19: 8.7
A20: 2 | B20: 2.82339 | C20: 2165 | D20: =IF(LEFT(C20,1)="<","<",IF(AND(ISNUMBER('012-INFLUENT'!B66),ISNUMBER(C66)),SUM(('012-INFLUENT'!B66 * C66) * 8.34),"")) -> 50979.412 | E20: 170 | F20: =IF(LEFT(E20,1)="<","<",IF(AND(ISNUMBER('012-INFLUENT'!B66),ISNUMBER(E66)),SUM(('012-INFLUENT'!B66 * E66) * 8.34),"")) -> 4003.0023 | G20: 49.8 | H20: =IF(LEFT(G20,1)="<","<",IF(AND(ISNUMBER('012-INFLUENT'!B66),ISNUMBER(G66)),SUM(('012-INFLUENT'!B66 * G66) * 8.34),"")) -> 1172.6442 | I20: 48 | J20: =IF(LEFT(I20,1)="<","<",IF(AND(ISNUMBER('012-INFLUENT'!B66),ISNUMBER(I66)),SUM(('012-INFLUENT'!B66 * I66) * 8.34),"")) -> 1130.2595 | K20: 3.1 | L20: =IF(LEFT(K20,1)="<","<",IF(AND(ISNUMBER('012-INFLUENT'!B66),ISNUMBER(K66)),SUM(('012-INFLUENT'!B66 * K66) * 8.34),"")) -> 72.995925 | M20: 65.4 | N20: 12.1
A21: 3 | B21: 3.45568 | C21: 2001 | D21: =IF(LEFT(C21,1)="<","<",IF(AND(ISNUMBER('012-INFLUENT'!B67),ISNUMBER(C67)),SUM(('012-INFLUENT'!B67 * C67) * 8.34),"")) -> 57669.563 | E21: 70 | F21: =IF(LEFT(E21,1)="<","<",IF(AND(ISNUMBER('012-INFLUENT'!B67),ISNUMBER(E67)),SUM(('012-INFLUENT'!B67 * E67) * 8.34),"")) -> 2017.426 | H21: =IF(LEFT(G21,1)="<","<",IF(AND(ISNUMBER('012-INFLUENT'!B67),ISNUMBER(G67)),SUM(('012-INFLUENT'!B67 * G67) * 8.34),"")) | J21: =IF(LEFT(I21,1)="<","<",IF(AND(ISNUMBER('012-INFLUENT'!B67),ISNUMBER(I67)),SUM(('012-INFLUENT'!B67 * I67) * 8.34),"")) | L21: =IF(LEFT(K21,1)="<","<",IF(AND(ISNUMBER('012-INFLUENT'!B67),ISNUMBER(K67)),SUM(('012-INFLUENT'!B67 * K67) * 8.34),"")) | M21: 68.3 | N21: 6.94
A22: 4 | B22: 3.76825 | C22: 2130 | D22: =IF(LEFT(C22,1)="<","<",IF(AND(ISNUMBER('012-INFLUENT'!B68),ISNUMBER(C68)),SUM(('012-INFLUENT'!B68 * C68) * 8.34),"")) -> 66939.947 | E22: 80 | F22: =IF(LEFT(E22,1)="<","<",IF(AND(ISNUMBER('012-INFLUENT'!B68),ISNUMBER(E68)),SUM(('012-INFLUENT'!B68 * E68) * 8.34),"")) -> 2514.1764 | H22: =IF(LEFT(G22,1)="<","<",IF(AND(ISNUMBER('012-INFLUENT'!B68),ISNUMBER(G68)),SUM(('012-INFLUENT'!B68 * G68) * 8.34),"")) | J22: =IF(LEFT(I22,1)="<","<",IF(AND(ISNUMBER('012-INFLUENT'!B68),ISNUMBER(I68)),SUM(('012-INFLUENT'!B68 * I68) * 8.34),"")) | L22: =IF(LEFT(K22,1)="<","<",IF(AND(ISNUMBER('012-INFLUENT'!B68),ISNUMBER(K68)),SUM(('012-INFLUENT'!B68 * K68) * 8.34),"")) | M22: 59.9 | N22: 10.62
A23: 5 | B23: 3.40953 | C23: 2050 | D23: =IF(LEFT(C23,1)="<","<",IF(AND(ISNUMBER('012-INFLUENT'!B69),ISNUMBER(C69)),SUM(('012-INFLUENT'!B69 * C69) * 8.34),"")) -> 58292.734 | E23: 155 | F23: =IF(LEFT(E23,1)="<","<",IF(AND(ISNUMBER('012-INFLUENT'!B69),ISNUMBER(E69)),SUM(('012-INFLUENT'!B69 * E69) * 8.34),"")) -> 4407.4994 | H23: =IF(LEFT(G23,1)="<","<",IF(AND(ISNUMBER('012-INFLUENT'!B69),ISNUMBER(G69)),SUM(('012-INFLUENT'!B69 * G69) * 8.34),"")) | J23: =IF(LEFT(I23,1)="<","<",IF(AND(ISNUMBER('012-INFLUENT'!B69),ISNUMBER(I69)),SUM(('012-INFLUENT'!B69 * I69) * 8.34),"")) | L23: =IF(LEFT(K23,1)="<","<",IF(AND(ISNUMBER('012-INFLUENT'!B69),ISNUMBER(K69)),SUM(('012-INFLUENT'!B69 * K69) * 8.34),"")) | M23: 85 | N23: 10.7
A24: 6 | B24: 3.63797 | C24: 1781 | D24: =IF(LEFT(C24,1)="<","<",IF(AND(ISNUMBER('012-INFLUENT'!B70),ISNUMBER(C70)),SUM(('012-INFLUENT'!B70 * C70) * 8.34),"")) -> 54036.733 | E24: 120 | F24: =IF(LEFT(E24,1)="<","<",IF(AND(ISNUMBER('012-INFLUENT'!B70),ISNUMBER(E70)),SUM(('012-INFLUENT'!B70 * E70) * 8.34),"")) -> 3640.8804 | H24: =IF(LEFT(G24,1)="<","<",IF(AND(ISNUMBER('012-INFLUENT'!B70),ISNUMBER(G70)),SUM(('012-INFLUENT'!B70 * G70) * 8.34),"")) | J24: =IF(LEFT(I24,1)="<","<",IF(AND(ISNUMBER('012-INFLUENT'!B70),ISNUMBER(I70)),SUM(('012-INFLUENT'!B70 * I70) * 8.34),"")) | L24: =IF(LEFT(K24,1)="<","<",IF(AND(ISNUMBER('012-INFLUENT'!B70),ISNUMBER(K70)),SUM(('012-INFLUENT'!B70 * K70) * 8.34),"")) | M24: 75 | N24: 2
A25: 7 | B25: 3.40422 | C25: 1509 | D25: =IF(LEFT(C25,1)="<","<",IF(AND(ISNUMBER('012-INFLUENT'!B71),ISNUMBER(C71)),SUM(('012-INFLUENT'!B71 * C71) * 8.34),"")) -> 42842.313 | E25: 165 | F25: =IF(LEFT(E25,1)="<","<",IF(AND(ISNUMBER('012-INFLUENT'!B71),ISNUMBER(E71)),SUM(('012-INFLUENT'!B71 * E71) * 8.34),"")) -> 4684.5471 | H25: =IF(LEFT(G25,1)="<","<",IF(AND(ISNUMBER('012-INFLUENT'!B71),ISNUMBER(G71)),SUM(('012-INFLUENT'!B71 * G71) * 8.34),"")) | J25: =IF(LEFT(I25,1)="<","<",IF(AND(ISNUMBER('012-INFLUENT'!B71),ISNUMBER(I71)),SUM(('012-INFLUENT'!B71 * I71) * 8.34),"")) | L25: =IF(LEFT(K25,1)="<","<",IF(AND(ISNUMBER('012-INFLUENT'!B71),ISNUMBER(K71)),SUM(('012-INFLUENT'!B71 * K71) * 8.34),"")) | M25: 77 | N25: 10.9
A26: 8 | B26: 3.34262 | C26: 1473 | D26: =IF(LEFT(C26,1)="<","<",IF(AND(ISNUMBER('012-INFLUENT'!B72),ISNUMBER(C72)),SUM(('012-INFLUENT'!B72 * C72) * 8.34),"")) -> 41063.485 | E26: 715 | F26: =IF(LEFT(E26,1)="<","<",IF(AND(ISNUMBER('012-INFLUENT'!B72),ISNUMBER(E72)),SUM(('012-INFLUENT'!B72 * E72) * 8.34),"")) -> 19932.377 | G26: 80.6 | H26: =IF(LEFT(G26,1)="<","<",IF(AND(ISNUMBER('012-INFLUENT'!B72),ISNUMBER(G72)),SUM(('012-INFLUENT'!B72 * G72) * 8.34),"")) -> 2246.9225 | I26: 79 | J26: =IF(LEFT(I26,1)="<","<",IF(AND(ISNUMBER('012-INFLUENT'!B72),ISNUMBER(I72)),SUM(('012-INFLUENT'!B72 * I72) * 8.34),"")) -> 2202.3186 | K26: 5.6 | L26: =IF(LEFT(K26,1)="<","<",IF(AND(ISNUMBER('012-INFLUENT'!B72),ISNUMBER(K72)),SUM(('012-INFLUENT'!B72 * K72) * 8.34),"")) -> 156.11372 | M26: 81 | N26: 2.2
A27: 9 | B27: 3.19749 | C27: 1536 | D27: =IF(LEFT(C27,1)="<","<",IF(AND(ISNUMBER('012-INFLUENT'!B73),ISNUMBER(C73)),SUM(('012-INFLUENT'!B73 * C73) * 8.34),"")) -> 40960.614 | E27: 200 | F27: =IF(LEFT(E27,1)="<","<",IF(AND(ISNUMBER('012-INFLUENT'!B73),ISNUMBER(E73)),SUM(('012-INFLUENT'!B73 * E73) * 8.34),"")) -> 5333.4133 | H27: =IF(LEFT(G27,1)="<","<",IF(AND(ISNUMBER('012-INFLUENT'!B73),ISNUMBER(G73)),SUM(('012-INFLUENT'!B73 * G73) * 8.34),"")) | J27: =IF(LEFT(I27,1)="<","<",IF(AND(ISNUMBER('012-INFLUENT'!B73),ISNUMBER(I73)),SUM(('012-INFLUENT'!B73 * I73) * 8.34),"")) | L27: =IF(LEFT(K27,1)="<","<",IF(AND(ISNUMBER('012-INFLUENT'!B73),ISNUMBER(K73)),SUM(('012-INFLUENT'!B73 * K73) * 8.34),"")) | M27: 79 | N27: 7.2
A28: 10 | B28: 3.39442 | C28: 1830 | D28: =IF(LEFT(C28,1)="<","<",IF(AND(ISNUMBER('012-INFLUENT'!B74),ISNUMBER(C74)),SUM(('012-INFLUENT'!B74 * C74) * 8.34),"")) -> 51806.317 | E28: 120 | F28: =IF(LEFT(E28,1)="<","<",IF(AND(ISNUMBER('012-INFLUENT'!B74),ISNUMBER(E74)),SUM(('012-INFLUENT'!B74 * E74) * 8.34),"")) -> 3397.1355 | H28: =IF(LEFT(G28,1)="<","<",IF(AND(ISNUMBER('012-INFLUENT'!B74),ISNUMBER(G74)),SUM(('012-INFLUENT'!B74 * G74) * 8.34),"")) | J28: =IF(LEFT(I28,1)="<","<",IF(AND(ISNUMBER('012-INFLUENT'!B74),ISNUMBER(I74)),SUM(('012-INFLUENT'!B74 * I74) * 8.34),"")) | L28: =IF(LEFT(K28,1)="<","<",IF(AND(ISNUMBER('012-INFLUENT'!B74),ISNUMBER(K74)),SUM(('012-INFLUENT'!B74 * K74) * 8.34),"")) | M28: 82 | N28: 1.9
A29: 11 | B29: 3.76698 | C29: 1332 | D29: =IF(LEFT(C29,1)="<","<",IF(AND(ISNUMBER('012-INFLUENT'!B75),ISNUMBER(C75)),SUM(('012-INFLUENT'!B75 * C75) * 8.34),"")) -> 41846.929 | E29: 165 | F29: =IF(LEFT(E29,1)="<","<",IF(AND(ISNUMBER('012-INFLUENT'!B75),ISNUMBER(E75)),SUM(('012-INFLUENT'!B75 * E75) * 8.34),"")) -> 5183.7412 | H29: =IF(LEFT(G29,1)="<","<",IF(AND(ISNUMBER('012-INFLUENT'!B75),ISNUMBER(G75)),SUM(('012-INFLUENT'!B75 * G75) * 8.34),"")) | J29: =IF(LEFT(I29,1)="<","<",IF(AND(ISNUMBER('012-INFLUENT'!B75),ISNUMBER(I75)),SUM(('012-INFLUENT'!B75 * I75) * 8.34),"")) | L29: =IF(LEFT(K29,1)="<","<",IF(AND(ISNUMBER('012-INFLUENT'!B75),ISNUMBER(K75)),SUM(('012-INFLUENT'!B75 * K75) * 8.34),"")) | M29: 70 | N29: 12.3
A30: 12 | B30: 3.5077 | C30: 3090 | D30: =IF(LEFT(C30,1)="<","<",IF(AND(ISNUMBER('012-INFLUENT'!B76),ISNUMBER(C76)),SUM(('012-INFLUENT'!B76 * C76) * 8.34),"")) -> 90395.534 | E30: 880 | F30: =IF(LEFT(E30,1)="<","<",IF(AND(ISNUMBER('012-INFLUENT'!B76),ISNUMBER(E76)),SUM(('012-INFLUENT'!B76 * E76) * 8.34),"")) -> 25743.712 | H30: =IF(LEFT(G30,1)="<","<",IF(AND(ISNUMBER('012-INFLUENT'!B76),ISNUMBER(G76)),SUM(('012-INFLUENT'!B76 * G76) * 8.34),"")) | J30: =IF(LEFT(I30,1)="<","<",IF(AND(ISNUMBER('012-INFLUENT'!B76),ISNUMBER(I76)),SUM(('012-INFLUENT'!B76 * I76) * 8.34),"")) | L30: =IF(LEFT(K30,1)="<","<",IF(AND(ISNUMBER('012-INFLUENT'!B76),ISNUMBER(K76)),SUM(('012-INFLUENT'!B76 * K76) * 8.34),"")) | M30: 75 | N30: 11.3
A31: 13 | B31: 3.81084 | C31: 2705 | D31: =IF(LEFT(C31,1)="<","<",IF(AND(ISNUMBER('012-INFLUENT'!B77),ISNUMBER(C77)),SUM(('012-INFLUENT'!B77 * C77) * 8.34),"")) -> 85971.407 | E31: 1635 | F31: =IF(LEFT(E31,1)="<","<",IF(AND(ISNUMBER('012-INFLUENT'!B77),ISNUMBER(E77)),SUM(('012-INFLUENT'!B77 * E77) * 8.34),"")) -> 51964.233 | H31: =IF(LEFT(G31,1)="<","<",IF(AND(ISNUMBER('012-INFLUENT'!B77),ISNUMBER(G77)),SUM(('012-INFLUENT'!B77 * G77) * 8.34),"")) | J31: =IF(LEFT(I31,1)="<","<",IF(AND(ISNUMBER('012-INFLUENT'!B77),ISNUMBER(I77)),SUM(('012-INFLUENT'!B77 * I77) * 8.34),"")) | L31: =IF(LEFT(K31,1)="<","<",IF(AND(ISNUMBER('012-INFLUENT'!B77),ISNUMBER(K77)),SUM(('012-INFLUENT'!B77 * K77) * 8.34),"")) | M31: 83 | N31: 10.2
A32: 14 | B32: 3.83264 | C32: 2595 | D32: =IF(LEFT(C32,1)="<","<",IF(AND(ISNUMBER('012-INFLUENT'!B78),ISNUMBER(C78)),SUM(('012-INFLUENT'!B78 * C78) * 8.34),"")) -> 82947.145 | E32: 580 | F32: =IF(LEFT(E32,1)="<","<",IF(AND(ISNUMBER('012-INFLUENT'!B78),ISNUMBER(E78)),SUM(('012-INFLUENT'!B78 * E78) * 8.34),"")) -> 18539.246 | H32: =IF(LEFT(G32,1)="<","<",IF(AND(ISNUMBER('012-INFLUENT'!B78),ISNUMBER(G78)),SUM(('012-INFLUENT'!B78 * G78) * 8.34),"")) | J32: =IF(LEFT(I32,1)="<","<",IF(AND(ISNUMBER('012-INFLUENT'!B78),ISNUMBER(I78)),SUM(('012-INFLUENT'!B78 * I78) * 8.34),"")) | L32: =IF(LEFT(K32,1)="<","<",IF(AND(ISNUMBER('012-INFLUENT'!B78),ISNUMBER(K78)),SUM(('012-INFLUENT'!B78 * K78) * 8.34),"")) | M32: 78 | N32: 5.8
A33: 15 | B33: 3.55196 | C33: 1991 | D33: =IF(LEFT(C33,1)="<","<",IF(AND(ISNUMBER('012-INFLUENT'!B79),ISNUMBER(C79)),SUM(('012-INFLUENT'!B79 * C79) * 8.34),"")) -> 58980.083 | E33: 285 | F33: =IF(LEFT(E33,1)="<","<",IF(AND(ISNUMBER('012-INFLUENT'!B79),ISNUMBER(E79)),SUM(('012-INFLUENT'!B79 * E79) * 8.34),"")) -> 8442.6537 | G33: 201.2 | H33: =IF(LEFT(G33,1)="<","<",IF(AND(ISNUMBER('012-INFLUENT'!B79),ISNUMBER(G79)),SUM(('012-INFLUENT'!B79 * G79) * 8.34),"")) -> 5960.2173 | I33: 200 | J33: =IF(LEFT(I33,1)="<","<",IF(AND(ISNUMBER('012-INFLUENT'!B79),ISNUMBER(I79)),SUM(('012-INFLUENT'!B79 * I79) * 8.34),"")) -> 5924.6693 | K33: 4.6 | L33: =IF(LEFT(K33,1)="<","<",IF(AND(ISNUMBER('012-INFLUENT'!B79),ISNUMBER(K79)),SUM(('012-INFLUENT'!B79 * K79) * 8.34),"")) -> 136.26739 | M33: 77 | N33: 4.9
A34: 16 | B34: 4.07306 | C34: 1748 | D34: =IF(LEFT(C34,1)="<","<",IF(AND(ISNUMBER('012-INFLUENT'!B80),ISNUMBER(C80)),SUM(('012-INFLUENT'!B80 * C80) * 8.34),"")) -> 59378.372 | E34: 315 | F34: =IF(LEFT(E34,1)="<","<",IF(AND(ISNUMBER('012-INFLUENT'!B80),ISNUMBER(E80)),SUM(('012-INFLUENT'!B80 * E80) * 8.34),"")) -> 10700.336 | H34: =IF(LEFT(G34,1)="<","<",IF(AND(ISNUMBER('012-INFLUENT'!B80),ISNUMBER(G80)),SUM(('012-INFLUENT'!B80 * G80) * 8.34),"")) | J34: =IF(LEFT(I34,1)="<","<",IF(AND(ISNUMBER('012-INFLUENT'!B80),ISNUMBER(I80)),SUM(('012-INFLUENT'!B80 * I80) * 8.34),"")) | L34: =IF(LEFT(K34,1)="<","<",IF(AND(ISNUMBER('012-INFLUENT'!B80),ISNUMBER(K80)),SUM(('012-INFLUENT'!B80 * K80) * 8.34),"")) | M34: 84 | N34: 11.6
A35: 17 | B35: 4.16174 | C35: 1871 | D35: =IF(LEFT(C35,1)="<","<",IF(AND(ISNUMBER('012-INFLUENT'!B81),ISNUMBER(C81)),SUM(('012-INFLUENT'!B81 * C81) * 8.34),"")) -> 64940.374 | E35: 965 | F35: =IF(LEFT(E35,1)="<","<",IF(AND(ISNUMBER('012-INFLUENT'!B81),ISNUMBER(E81)),SUM(('012-INFLUENT'!B81 * E81) * 8.34),"")) -> 33494.1 | H35: =IF(LEFT(G35,1)="<","<",IF(AND(ISNUMBER('012-INFLUENT'!B81),ISNUMBER(G81)),SUM(('012-INFLUENT'!B81 * G81) * 8.34),"")) | J35: =IF(LEFT(I35,1)="<","<",IF(AND(ISNUMBER('012-INFLUENT'!B81),ISNUMBER(I81)),SUM(('012-INFLUENT'!B81 * I81) * 8.34),"")) | L35: =IF(LEFT(K35,1)="<","<",IF(AND(ISNUMBER('012-INFLUENT'!B81),ISNUMBER(K81)),SUM(('012-INFLUENT'!B81 * K81) * 8.34),"")) | M35: 83 | N35: 5.2
A36: 18 | B36: 4.43297 | C36: 1793 | D36: =IF(LEFT(C36,1)="<","<",IF(AND(ISNUMBER('012-INFLUENT'!B82),ISNUMBER(C82)),SUM(('012-INFLUENT'!B82 * C82) * 8.34),"")) -> 66288.949 | E36: 735 | F36: =IF(LEFT(E36,1)="<","<",IF(AND(ISNUMBER('012-INFLUENT'!B82),ISNUMBER(E82)),SUM(('012-INFLUENT'!B82 * E82) * 8.34),"")) -> 27173.663 | H36: =IF(LEFT(G36,1)="<","<",IF(AND(ISNUMBER('012-INFLUENT'!B82),ISNUMBER(G82)),SUM(('012-INFLUENT'!B82 * G82) * 8.34),"")) | J36: =IF(LEFT(I36,1)="<","<",IF(AND(ISNUMBER('012-INFLUENT'!B82),ISNUMBER(I82)),SUM(('012-INFLUENT'!B82 * I82) * 8.34),"")) | L36: =IF(LEFT(K36,1)="<","<",IF(AND(ISNUMBER('012-INFLUENT'!B82),ISNUMBER(K82)),SUM(('012-INFLUENT'!B82 * K82) * 8.34),"")) | M36: 84 | N36: 7.3
A37: 19 | B37: 3.90137 | C37: 184.44 | D37: =IF(LEFT(C37,1)="<","<",IF(AND(ISNUMBER('012-INFLUENT'!B83),ISNUMBER(C83)),SUM(('012-INFLUENT'!B83 * C83) * 8.34),"")) -> 6001.2028 | E37: 135 | F37: =IF(LEFT(E37,1)="<","<",IF(AND(ISNUMBER('012-INFLUENT'!B83),ISNUMBER(E83)),SUM(('012-INFLUENT'!B83 * E83) * 8.34),"")) -> 4392.5525 | H37: =IF(LEFT(G37,1)="<","<",IF(AND(ISNUMBER('012-INFLUENT'!B83),ISNUMBER(G83)),SUM(('012-INFLUENT'!B83 * G83) * 8.34),"")) | J37: =IF(LEFT(I37,1)="<","<",IF(AND(ISNUMBER('012-INFLUENT'!B83),ISNUMBER(I83)),SUM(('012-INFLUENT'!B83 * I83) * 8.34),"")) | L37: =IF(LEFT(K37,1)="<","<",IF(AND(ISNUMBER('012-INFLUENT'!B83),ISNUMBER(K83)),SUM(('012-INFLUENT'!B83 * K83) * 8.34),"")) | M37: 81 | N37: 8.4
A38: 20 | B38: 3.47799 | C38: 1924 | D38: =IF(LEFT(C38,1)="<","<",IF(AND(ISNUMBER('012-INFLUENT'!B84),ISNUMBER(C84)),SUM(('012-INFLUENT'!B84 * C84) * 8.34),"")) -> 55808.384 | E38: 205 | F38: =IF(LEFT(E38,1)="<","<",IF(AND(ISNUMBER('012-INFLUENT'!B84),ISNUMBER(E84)),SUM(('012-INFLUENT'!B84 * E84) * 8.34),"")) -> 5946.3195 | H38: =IF(LEFT(G38,1)="<","<",IF(AND(ISNUMBER('012-INFLUENT'!B84),ISNUMBER(G84)),SUM(('012-INFLUENT'!B84 * G84) * 8.34),"")) | J38: =IF(LEFT(I38,1)="<","<",IF(AND(ISNUMBER('012-INFLUENT'!B84),ISNUMBER(I84)),SUM(('012-INFLUENT'!B84 * I84) * 8.34),"")) | L38: =IF(LEFT(K38,1)="<","<",IF(AND(ISNUMBER('012-INFLUENT'!B84),ISNUMBER(K84)),SUM(('012-INFLUENT'!B84 * K84) * 8.34),"")) | M38: 76 | N38: 12.1
A39: 21 | B39: 3.65466 | C39: 2029 | D39: =IF(LEFT(C39,1)="<","<",IF(AND(ISNUMBER('012-INFLUENT'!B85),ISNUMBER(C85)),SUM(('012-INFLUENT'!B85 * C85) * 8.34),"")) -> 61843.645 | E39: 310 | F39: =IF(LEFT(E39,1)="<","<",IF(AND(ISNUMBER('012-INFLUENT'!B85),ISNUMBER(E85)),SUM(('012-INFLUENT'!B85 * E85) * 8.34),"")) -> 9448.758 | H39: =IF(LEFT(G39,1)="<","<",IF(AND(ISNUMBER('012-INFLUENT'!B85),ISNUMBER(G85)),SUM(('012-INFLUENT'!B85 * G85) * 8.34),"")) | J39: =IF(LEFT(I39,1)="<","<",IF(AND(ISNUMBER('012-INFLUENT'!B85),ISNUMBER(I85)),SUM(('012-INFLUENT'!B85 * I85) * 8.34),"")) | L39: =IF(LEFT(K39,1)="<","<",IF(AND(ISNUMBER('012-INFLUENT'!B85),ISNUMBER(K85)),SUM(('012-INFLUENT'!B85 * K85) * 8.34),"")) | M39: 82 | N39: 4.7
A40: 22 | B40: 3.96055 | C40: 2201 | D40: =IF(LEFT(C40,1)="<","<",IF(AND(ISNUMBER('012-INFLUENT'!B86),ISNUMBER(C86)),SUM(('012-INFLUENT'!B86 * C86) * 8.34),"")) -> 72701.202 | E40: 155 | F40: =IF(LEFT(E40,1)="<","<",IF(AND(ISNUMBER('012-INFLUENT'!B86),ISNUMBER(E86)),SUM(('012-INFLUENT'!B86 * E86) * 8.34),"")) -> 5119.803 | G40: 13.7 | H40: =IF(LEFT(G40,1)="<","<",IF(AND(ISNUMBER('012-INFLUENT'!B86),ISNUMBER(G86)),SUM(('012-INFLUENT'!B86 * G86) * 8.34),"")) -> 452.52452 | I40: 12 | J40: =IF(LEFT(I40,1)="<","<",IF(AND(ISNUMBER('012-INFLUENT'!B86),ISNUMBER(I86)),SUM(('012-INFLUENT'!B86 * I86) * 8.34),"")) -> 396.37184 | K40: 0.75 | L40: =IF(LEFT(K40,1)="<","<",IF(AND(ISNUMBER('012-INFLUENT'!B86),ISNUMBER(K86)),SUM(('012-INFLUENT'!B86 * K86) * 8.34),"")) -> 24.77324 | M40: 97 | N40: 11.3
A41: 23 | B41: 3.48526 | C41: 2064 | D41: =IF(LEFT(C41,1)="<","<",IF(AND(ISNUMBER('012-INFLUENT'!B87),ISNUMBER(C87)),SUM(('012-INFLUENT'!B87 * C87) * 8.34),"")) -> 59994.429 | E41: 95 | F41: =IF(LEFT(E41,1)="<","<",IF(AND(ISNUMBER('012-INFLUENT'!B87),ISNUMBER(E87)),SUM(('012-INFLUENT'!B87 * E87) * 8.34),"")) -> 2761.3715 | H41: =IF(LEFT(G41,1)="<","<",IF(AND(ISNUMBER('012-INFLUENT'!B87),ISNUMBER(G87)),SUM(('012-INFLUENT'!B87 * G87) * 8.34),"")) | J41: =IF(LEFT(I41,1)="<","<",IF(AND(ISNUMBER('012-INFLUENT'!B87),ISNUMBER(I87)),SUM(('012-INFLUENT'!B87 * I87) * 8.34),"")) | L41: =IF(LEFT(K41,1)="<","<",IF(AND(ISNUMBER('012-INFLUENT'!B87),ISNUMBER(K87)),SUM(('012-INFLUENT'!B87 * K87) * 8.34),"")) | M41: 93 | N41: 8.6
A42: 24 | B42: 2.33896 | C42: 1335 | D42: =IF(LEFT(C42,1)="<","<",IF(AND(ISNUMBER('012-INFLUENT'!B88),ISNUMBER(C88)),SUM(('012-INFLUENT'!B88 * C88) * 8.34),"")) -> 26041.747 | E42: 130 | F42: =IF(LEFT(E42,1)="<","<",IF(AND(ISNUMBER('012-INFLUENT'!B88),ISNUMBER(E88)),SUM(('012-INFLUENT'!B88 * E88) * 8.34),"")) -> 2535.9004 | H42: =IF(LEFT(G42,1)="<","<",IF(AND(ISNUMBER('012-INFLUENT'!B88),ISNUMBER(G88)),SUM(('012-INFLUENT'!B88 * G88) * 8.34),"")) | J42: =IF(LEFT(I42,1)="<","<",IF(AND(ISNUMBER('012-INFLUENT'!B88),ISNUMBER(I88)),SUM(('012-INFLUENT'!B88 * I88) * 8.34),"")) | L42: =IF(LEFT(K42,1)="<","<",IF(AND(ISNUMBER('012-INFLUENT'!B88),ISNUMBER(K88)),SUM(('012-INFLUENT'!B88 * K88) * 8.34),"")) | M42: 84 | N42: 4.6
A43: 25 | B43: 2.4585 | C43: 2018 | D43: =IF(LEFT(C43,1)="<","<",IF(AND(ISNUMBER('012-INFLUENT'!B89),ISNUMBER(C89)),SUM(('012-INFLUENT'!B89 * C89) * 8.34),"")) -> 41376.85 | E43: 330 | F43: =IF(LEFT(E43,1)="<","<",IF(AND(ISNUMBER('012-INFLUENT'!B89),ISNUMBER(E89)),SUM(('012-INFLUENT'!B89 * E89) * 8.34),"")) -> 6766.2837 | H43: =IF(LEFT(G43,1)="<","<",IF(AND(ISNUMBER('012-INFLUENT'!B89),ISNUMBER(G89)),SUM(('012-INFLUENT'!B89 * G89) * 8.34),"")) | J43: =IF(LEFT(I43,1)="<","<",IF(AND(ISNUMBER('012-INFLUENT'!B89),ISNUMBER(I89)),SUM(('012-INFLUENT'!B89 * I89) * 8.34),"")) | L43: =IF(LEFT(K43,1)="<","<",IF(AND(ISNUMBER('012-INFLUENT'!B89),ISNUMBER(K89)),SUM(('012-INFLUENT'!B89 * K89) * 8.34),"")) | M43: 74 | N43: 9.5
A44: 26 | B44: 2.40178 | C44: 2138 | D44: =IF(LEFT(C44,1)="<","<",IF(AND(ISNUMBER('012-INFLUENT'!B90),ISNUMBER(C90)),SUM(('012-INFLUENT'!B90 * C90) * 8.34),"")) -> 42825.947 | E44: 105 | F44: =IF(LEFT(E44,1)="<","<",IF(AND(ISNUMBER('012-INFLUENT'!B90),ISNUMBER(E90)),SUM(('012-INFLUENT'!B90 * E90) * 8.34),"")) -> 2103.2387 | H44: =IF(LEFT(G44,1)="<","<",IF(AND(ISNUMBER('012-INFLUENT'!B90),ISNUMBER(G90)),SUM(('012-INFLUENT'!B90 * G90) * 8.34),"")) | J44: =IF(LEFT(I44,1)="<","<",IF(AND(ISNUMBER('012-INFLUENT'!B90),ISNUMBER(I90)),SUM(('012-INFLUENT'!B90 * I90) * 8.34),"")) | L44: =IF(LEFT(K44,1)="<","<",IF(AND(ISNUMBER('012-INFLUENT'!B90),ISNUMBER(K90)),SUM(('012-INFLUENT'!B90 * K90) * 8.34),"")) | M44: 75 | N44: 12.1
A45: 27 | B45: 2.26892 | C45: 1074 | D45: =IF(LEFT(C45,1)="<","<",IF(AND(ISNUMBER('012-INFLUENT'!B91),ISNUMBER(C91)),SUM(('012-INFLUENT'!B91 * C91) * 8.34),"")) -> 20323.079 | E45: 140 | F45: =IF(LEFT(E45,1)="<","<",IF(AND(ISNUMBER('012-INFLUENT'!B91),ISNUMBER(E91)),SUM(('012-INFLUENT'!B91 * E91) * 8.34),"")) -> 2649.191 | H45: =IF(LEFT(G45,1)="<","<",IF(AND(ISNUMBER('012-INFLUENT'!B91),ISNUMBER(G91)),SUM(('012-INFLUENT'!B91 * G91) * 8.34),"")) | J45: =IF(LEFT(I45,1)="<","<",IF(AND(ISNUMBER('012-INFLUENT'!B91),ISNUMBER(I91)),SUM(('012-INFLUENT'!B91 * I91) * 8.34),"")) | L45: =IF(LEFT(K45,1)="<","<",IF(AND(ISNUMBER('012-INFLUENT'!B91),ISNUMBER(K91)),SUM(('012-INFLUENT'!B91 * K91) * 8.34),"")) | M45: 77 | N45: 12
A46: 28 | B46: 3.30291 | C46: 1179 | D46: =IF(LEFT(C46,1)="<","<",IF(AND(ISNUMBER('012-INFLUENT'!B92),ISNUMBER(C92)),SUM(('012-INFLUENT'!B92 * C92) * 8.34),"")) -> 32477.052 | E46: 75 | F46: =IF(LEFT(E46,1)="<","<",IF(AND(ISNUMBER('012-INFLUENT'!B92),ISNUMBER(E92)),SUM(('012-INFLUENT'!B92 * E92) * 8.34),"")) -> 2065.9702 | H46: =IF(LEFT(G46,1)="<","<",IF(AND(ISNUMBER('012-INFLUENT'!B92),ISNUMBER(G92)),SUM(('012-INFLUENT'!B92 * G92) * 8.34),"")) | J46: =IF(LEFT(I46,1)="<","<",IF(AND(ISNUMBER('012-INFLUENT'!B92),ISNUMBER(I92)),SUM(('012-INFLUENT'!B92 * I92) * 8.34),"")) | L46: =IF(LEFT(K46,1)="<","<",IF(AND(ISNUMBER('012-INFLUENT'!B92),ISNUMBER(K92)),SUM(('012-INFLUENT'!B92 * K92) * 8.34),"")) | M46: 77 | N46: 4
A47: 29 | B47: 3.46079 | C47: 1344 | D47: =IF(LEFT(C47,1)="<","<",IF(AND(ISNUMBER('012-INFLUENT'!B93),ISNUMBER(C93)),SUM(('012-INFLUENT'!B93 * C93) * 8.34),"")) -> 38791.857 | E47: 145 | F47: =IF(LEFT(E47,1)="<","<",IF(AND(ISNUMBER('012-INFLUENT'!B93),ISNUMBER(E93)),SUM(('012-INFLUENT'!B93 * E93) * 8.34),"")) -> 4185.1333 | G47: 16.7 | H47: =IF(LEFT(G47,1)="<","<",IF(AND(ISNUMBER('012-INFLUENT'!B93),ISNUMBER(G93)),SUM(('012-INFLUENT'!B93 * G93) * 8.34),"")) -> 482.01191 | I47: 15 | J47: =IF(LEFT(I47,1)="<","<",IF(AND(ISNUMBER('012-INFLUENT'!B93),ISNUMBER(I93)),SUM(('012-INFLUENT'!B93 * I93) * 8.34),"")) -> 432.94483 | K47: 1.6 | L47: =IF(LEFT(K47,1)="<","<",IF(AND(ISNUMBER('012-INFLUENT'!B93),ISNUMBER(K93)),SUM(('012-INFLUENT'!B93 * K93) * 8.34),"")) -> 46.180782 | M47: 73 | N47: 6.83
A48: 30 | B48: 4.01796 | C48: 2603 | D48: =IF(LEFT(C48,1)="<","<",IF(AND(ISNUMBER('012-INFLUENT'!B94),ISNUMBER(C94)),SUM(('012-INFLUENT'!B94 * C94) * 8.34),"")) -> 87225.974 | E48: 155 | F48: =IF(LEFT(E48,1)="<","<",IF(AND(ISNUMBER('012-INFLUENT'!B94),ISNUMBER(E94)),SUM(('012-INFLUENT'!B94 * E94) * 8.34),"")) -> 5194.0169 | H48: =IF(LEFT(G48,1)="<","<",IF(AND(ISNUMBER('012-INFLUENT'!B94),ISNUMBER(G94)),SUM(('012-INFLUENT'!B94 * G94) * 8.34),"")) | J48: =IF(LEFT(I48,1)="<","<",IF(AND(ISNUMBER('012-INFLUENT'!B94),ISNUMBER(I94)),SUM(('012-INFLUENT'!B94 * I94) * 8.34),"")) | L48: =IF(LEFT(K48,1)="<","<",IF(AND(ISNUMBER('012-INFLUENT'!B94),ISNUMBER(K94)),SUM(('012-INFLUENT'!B94 * K94) * 8.34),"")) | M48: 86 | N48: 10.1
A49: 31 | B49: 3.74302 | C49: 1895 | D49: =IF(LEFT(C49,1)="<","<",IF(AND(ISNUMBER('012-INFLUENT'!B95),ISNUMBER(C95)),SUM(('012-INFLUENT'!B95 * C95) * 8.34),"")) -> 59155.811 | E49: 100 | F49: =IF(LEFT(E49,1)="<","<",IF(AND(ISNUMBER('012-INFLUENT'!B95),ISNUMBER(E95)),SUM(('012-INFLUENT'!B95 * E95) * 8.34),"")) -> 3121.6787 | H49: =IF(LEFT(G49,1)="<","<",IF(AND(ISNUMBER('012-INFLUENT'!B95),ISNUMBER(G95)),SUM(('012-INFLUENT'!B95 * G95) * 8.34),"")) | J49: =IF(LEFT(I49,1)="<","<",IF(AND(ISNUMBER('012-INFLUENT'!B95),ISNUMBER(I95)),SUM(('012-INFLUENT'!B95 * I95) * 8.34),"")) | L49: =IF(LEFT(K49,1)="<","<",IF(AND(ISNUMBER('012-INFLUENT'!B95),ISNUMBER(K95)),SUM(('012-INFLUENT'!B95 * K95) * 8.34),"")) | M49: 73 | N49: 3.4
D50: =IF(LEFT(C50,1)="<","<",IF(AND(ISNUMBER('012-INFLUENT'!B96),ISNUMBER(C96)),SUM(('012-INFLUENT'!B96 * C96) * 8.34),"")) | F50: =IF(LEFT(E50,1)="<","<",IF(AND(ISNUMBER('012-INFLUENT'!B96),ISNUMBER(E96)),SUM(('012-INFLUENT'!B96 * E96) * 8.34),"")) | H50: =IF(LEFT(G50,1)="<","<",IF(AND(ISNUMBER('012-INFLUENT'!B96),ISNUMBER(G96)),SUM(('012-INFLUENT'!B96 * G96) * 8.34),"")) | J50: =IF(LEFT(I50,1)="<","<",IF(AND(ISNUMBER('012-INFLUENT'!B96),ISNUMBER(I96)),SUM(('012-INFLUENT'!B96 * I96) * 8.34),"")) | L50: =IF(LEFT(K50,1)="<","<",IF(AND(ISNUMBER('012-INFLUENT'!B96),ISNUMBER(K96)),SUM(('012-INFLUENT'!B96 * K96) * 8.34),""))
A51: Total | B51: =IF(COUNTA(B19:B50)>0,SUM(B65:B96),"") -> 106.87162 | C51: =IF(COUNTA(C19:C50)>0,SUM(C65:C96),"") -> 57668.44 | D51: =IF(COUNTA(D19:D50)>0,SUM(D65:D96),"") -> 1668956.1 | E51: =IF(COUNTA(E19:E50)>0,SUM(E65:E96),"") -> 9800 | F51: =IF(COUNTA(F19:F50)>0,SUM(F65:F96),"") -> 296069.52 | G51: =IF(COUNTA(G19:G50)>0,SUM(G65:G96),"") -> 362 | H51: =IF(COUNTA(H19:H50)>0,SUM(H65:H96),"") -> 10314.32 | I51: =IF(COUNTA(I19:I50)>0,SUM(I65:I96),"") -> 354 | ... N51: =IF(COUNTA(N19:N50)>0,SUM(N65:N96),"") -> 249.49
A52: Monthly Avg. | B52: =IF(ISNUMBER(AVERAGE(B65:B96)),AVERAGE(B65:B96),"") -> 3.4474716 | C52: =IF(ISNUMBER(AVERAGE(C65:C96)),AVERAGE(C65:C96),"") -> 1860.2723 | D52: =IF(ISNUMBER(AVERAGE(D65:D96)),AVERAGE(D65:D96),"") -> 53837.294 | E52: =IF(ISNUMBER(AVERAGE(E65:E96)),AVERAGE(E65:E96),"") -> 316.12903 | F52: =IF(ISNUMBER(AVERAGE(F65:F96)),AVERAGE(F65:F96),"") -> 9550.6297 | G52: =IF(ISNUMBER(AVERAGE(G65:G96)),AVERAGE(G65:G96),"") -> 72.4 | H52: =IF(ISNUMBER(AVERAGE(H65:H96)),AVERAGE(H65:H96),"") -> 2062.8641 | I52: =IF(ISNUMBER(AVERAGE(I65:I96)),AVERAGE(I65:I96),"") -> 70.8 | ... N52: =IF(ISNUMBER(AVERAGE(N65:N96)),AVERAGE(N65:N96),"") -> 8.0480645
A53: Daily Max. | B53: =IF(MAX(B65:B96)=0,"",MAX(B65:B96)) -> 4.43297 | C53: =IF(MAX(C65:C96)=0,"",MAX(C65:C96)) -> 3090 | D53: =IF(MAX(D65:D96)=0,"",MAX(D65:D96)) -> 90395.534 | E53: =IF(MAX(E65:E96)=0,"",MAX(E65:E96)) -> 1635 | F53: =IF(MAX(F65:F96)=0,"",MAX(F65:F96)) -> 51964.233 | G53: =IF(MAX(G65:G96)=0,"",MAX(G65:G96)) -> 201.2 | H53: =IF(MAX(H65:H96)=0,"",MAX(H65:H96)) -> 5960.2173 | I53: =IF(MAX(I65:I96)=0,"",MAX(I65:I96)) -> 200 | ... N53: =IF(MAX(N65:N96)=0,"",MAX(N65:N96)) -> 12.3
A54: Daily Min. | B54: =IF(MIN(B65:B96)=0,"",MIN(B65:B96)) -> 2.26892 | C54: =IF(MIN(C65:C96)=0,"",MIN(C65:C96)) -> 184.44 | D54: =IF(MIN(D65:D96)=0,"",MIN(D65:D96)) -> 6001.2028 | E54: =IF(MIN(E65:E96)=0,"",MIN(E65:E96)) -> 70 | F54: =IF(MIN(F65:F96)=0,"",MIN(F65:F96)) -> 2017.426 | G54: =IF(MIN(G65:G96)=0,"",MIN(G65:G96)) -> 13.7 | H54: =IF(MIN(H65:H96)=0,"",MIN(H65:H96)) -> 452.52452 | I54: =IF(MIN(I65:I96)=0,"",MIN(I65:I96)) -> 12 | ... N54: =IF(MIN(N65:N96)=0,"",MIN(N65:N96)) -> 1.9
A55: Max. 7/Avg. | B55: =IF(MAX(B57:B60)=0,"",MAX(B57:B60)) -> 3.8933929 | C55: =IF(MAX(C57:C60)=0,"",MAX(C57:C60)) -> 2080.1429 | D55: =IF(MAX(D57:D60)=0,"",MAX(D57:D60)) -> 62141.633 | E55: =IF(MAX(E57:E60)=0,"",MAX(E57:E60)) -> 613.57143 | F55: =IF(MAX(F57:F60)=0,"",MAX(F57:F60)) -> 18584.837 | G55: =IF(MAX(G57:G60)=0,"",MAX(G57:G60)) -> 201.2 | H55: =IF(MAX(H57:H60)=0,"",MAX(H57:H60)) -> 5960.2173 | I55: =IF(MAX(I57:I60)=0,"",MAX(I57:I60)) -> 200 | ... N55: =IF(MAX(N57:N60)=0,"",MAX(N57:N60)) -> 8.8714286
A57: Week 1 Avg. | B57: =IF(SUM(B65:B71)>0,AVERAGE(B65:B71),"") -> 3.3323614 | C57: =IF(SUM(C65:C71)>0,AVERAGE(C65:C71),"") -> 1959.4286 | D57: =IF(SUM(D65:D71)>0,AVERAGE(D65:D71),"") -> 54258.534 | E57: =IF(SUM(E65:E71)>0,AVERAGE(E65:E71),"") -> 160.71429 | F57: =IF(SUM(F65:F71)>0,AVERAGE(F65:F71),"") -> 4267.8134 | G57: =IF(SUM(G65:G71)>0,AVERAGE(G65:G71),"") -> 49.8 | H57: =IF(SUM(H65:H71)>0,AVERAGE(H65:H71),"") -> 1172.6442 | I57: =IF(SUM(I65:I71)>0,AVERAGE(I65:I71),"") -> 48 | ... N57: =IF(SUM(N65:N71)>0,AVERAGE(N65:N71),"") -> 8.8514286
A58: Week 2 Avg. | B58: =IF(SUM(B72:B78)>0,AVERAGE(B72:B78),"") -> 3.5503843 | C58: =IF(SUM(C72:C78)>0,AVERAGE(C72:C78),"") -> 2080.1429 | D58: =IF(SUM(D72:D78)>0,AVERAGE(D72:D78),"") -> 62141.633 | E58: =IF(SUM(E72:E78)>0,AVERAGE(E72:E78),"") -> 613.57143 | F58: =IF(SUM(F72:F78)>0,AVERAGE(F72:F78),"") -> 18584.837 | G58: =IF(SUM(G72:G78)>0,AVERAGE(G72:G78),"") -> 80.6 | H58: =IF(SUM(H72:H78)>0,AVERAGE(H72:H78),"") -> 2246.9225 | I58: =IF(SUM(I72:I78)>0,AVERAGE(I72:I78),"") -> 79 | ... N58: =IF(SUM(N72:N78)>0,AVERAGE(N72:N78),"") -> 7.2714286
A59: Week 3 Avg. | B59: =IF(SUM(B79:B85)>0,AVERAGE(B79:B85),"") -> 3.8933929 | C59: =IF(SUM(C79:C85)>0,AVERAGE(C79:C85),"") -> 1648.6343 | D59: =IF(SUM(D79:D85)>0,AVERAGE(D79:D85),"") -> 53320.144 | E59: =IF(SUM(E79:E85)>0,AVERAGE(E79:E85),"") -> 421.42857 | F59: =IF(SUM(F79:F85)>0,AVERAGE(F79:F85),"") -> 14228.34 | G59: =IF(SUM(G79:G85)>0,AVERAGE(G79:G85),"") -> 201.2 | H59: =IF(SUM(H79:H85)>0,AVERAGE(H79:H85),"") -> 5960.2173 | I59: =IF(SUM(I79:I85)>0,AVERAGE(I79:I85),"") -> 200 | ... N59: =IF(SUM(N79:N85)>0,AVERAGE(N79:N85),"") -> 7.7428571
A60: Week 4 Avg. | B60: =IF(SUM(B86:B92)>0,AVERAGE(B86:B92),"") -> 2.8881257 | C60: =IF(SUM(C86:C92)>0,AVERAGE(C86:C92),"") -> 1715.5714 | D60: =IF(SUM(D86:D92)>0,AVERAGE(D86:D92),"") -> 42248.615 | E60: =IF(SUM(E86:E92)>0,AVERAGE(E86:E92),"") -> 147.14286 | F60: =IF(SUM(F86:F92)>0,AVERAGE(F86:F92),"") -> 3428.8227 | G60: =IF(SUM(G86:G92)>0,AVERAGE(G86:G92),"") -> 13.7 | H60: =IF(SUM(H86:H92)>0,AVERAGE(H86:H92),"") -> 452.52452 | I60: =IF(SUM(I86:I92)>0,AVERAGE(I86:I92),"") -> 12 | ... N60: =IF(SUM(N86:N92)>0,AVERAGE(N86:N92),"") -> 8.8714286
A65: Calc: 1 | B65: =IF(LEFT(B19,1) = "<",0, IF(ISBLANK(B19),"",B19)) -> 2.82749 | C65: =IF(LEFT(C19,1) = "<",0, IF(ISBLANK(C19),"",C19)) -> 2080 | D65: =IF(LEFT(D19,1) = "<",0, IF(ISBLANK(D19),"",D19)) -> 49049.035 | E65: =IF(LEFT(E19,1) = "<",0, IF(ISBLANK(E19),"",E19)) -> 365 | F65: =IF(LEFT(F19,1) = "<",0, IF(ISBLANK(F19),"",F19)) -> 8607.1623 | G65: =IF(LEFT(G19,1) = "<",0, IF(ISBLANK(G19),"",G19)) | H65: =IF(LEFT(H19,1) = "<",0, IF(ISBLANK(H19),"",H19)) | I65: =IF(LEFT(I19,1) = "<",0, IF(ISBLANK(I19),"",I19)) | ... N65: =IF(LEFT(N19,1) = "<",0, IF(ISBLANK(N19),"",N19)) -> 8.7
A66: Calc: 2 | B66: =IF(LEFT(B20,1) = "<",0, IF(ISBLANK(B20),"",B20)) -> 2.82339 | C66: =IF(LEFT(C20,1) = "<",0, IF(ISBLANK(C20),"",C20)) -> 2165 | D66: =IF(LEFT(D20,1) = "<",0, IF(ISBLANK(D20),"",D20)) -> 50979.412 | E66: =IF(LEFT(E20,1) = "<",0, IF(ISBLANK(E20),"",E20)) -> 170 | F66: =IF(LEFT(F20,1) = "<",0, IF(ISBLANK(F20),"",F20)) -> 4003.0023 | G66: =IF(LEFT(G20,1) = "<",0, IF(ISBLANK(G20),"",G20)) -> 49.8 | H66: =IF(LEFT(H20,1) = "<",0, IF(ISBLANK(H20),"",H20)) -> 1172.6442 | I66: =IF(LEFT(I20,1) = "<",0, IF(ISBLANK(I20),"",I20)) -> 48 | ... N66: =IF(LEFT(N20,1) = "<",0, IF(ISBLANK(N20),"",N20)) -> 12.1
A67: Calc: 3 | B67: =IF(LEFT(B21,1) = "<",0, IF(ISBLANK(B21),"",B21)) -> 3.45568 | C67: =IF(LEFT(C21,1) = "<",0, IF(ISBLANK(C21),"",C21)) -> 2001 | D67: =IF(LEFT(D21,1) = "<",0, IF(ISBLANK(D21),"",D21)) -> 57669.563 | E67: =IF(LEFT(E21,1) = "<",0, IF(ISBLANK(E21),"",E21)) -> 70 | F67: =IF(LEFT(F21,1) = "<",0, IF(ISBLANK(F21),"",F21)) -> 2017.426 | G67: =IF(LEFT(G21,1) = "<",0, IF(ISBLANK(G21),"",G21)) | H67: =IF(LEFT(H21,1) = "<",0, IF(ISBLANK(H21),"",H21)) | I67: =IF(LEFT(I21,1) = "<",0, IF(ISBLANK(I21),"",I21)) | ... N67: =IF(LEFT(N21,1) = "<",0, IF(ISBLANK(N21),"",N21)) -> 6.94
A68: Calc: 4 | B68: =IF(LEFT(B22,1) = "<",0, IF(ISBLANK(B22),"",B22)) -> 3.76825 | C68: =IF(LEFT(C22,1) = "<",0, IF(ISBLANK(C22),"",C22)) -> 2130 | D68: =IF(LEFT(D22,1) = "<",0, IF(ISBLANK(D22),"",D22)) -> 66939.947 | E68: =IF(LEFT(E22,1) = "<",0, IF(ISBLANK(E22),"",E22)) -> 80 | F68: =IF(LEFT(F22,1) = "<",0, IF(ISBLANK(F22),"",F22)) -> 2514.1764 | G68: =IF(LEFT(G22,1) = "<",0, IF(ISBLANK(G22),"",G22)) | H68: =IF(LEFT(H22,1) = "<",0, IF(ISBLANK(H22),"",H22)) | I68: =IF(LEFT(I22,1) = "<",0, IF(ISBLANK(I22),"",I22)) | ... N68: =IF(LEFT(N22,1) = "<",0, IF(ISBLANK(N22),"",N22)) -> 10.62
A69: Calc: 5 | B69: =IF(LEFT(B23,1) = "<",0, IF(ISBLANK(B23),"",B23)) -> 3.40953 | C69: =IF(LEFT(C23,1) = "<",0, IF(ISBLANK(C23),"",C23)) -> 2050 | D69: =IF(LEFT(D23,1) = "<",0, IF(ISBLANK(D23),"",D23)) -> 58292.734 | E69: =IF(LEFT(E23,1) = "<",0, IF(ISBLANK(E23),"",E23)) -> 155 | F69: =IF(LEFT(F23,1) = "<",0, IF(ISBLANK(F23),"",F23)) -> 4407.4994 | G69: =IF(LEFT(G23,1) = "<",0, IF(ISBLANK(G23),"",G23)) | H69: =IF(LEFT(H23,1) = "<",0, IF(ISBLANK(H23),"",H23)) | I69: =IF(LEFT(I23,1) = "<",0, IF(ISBLANK(I23),"",I23)) | ... N69: =IF(LEFT(N23,1) = "<",0, IF(ISBLANK(N23),"",N23)) -> 10.7
A70: Calc: 6 | B70: =IF(LEFT(B24,1) = "<",0, IF(ISBLANK(B24),"",B24)) -> 3.63797 | C70: =IF(LEFT(C24,1) = "<",0, IF(ISBLANK(C24),"",C24)) -> 1781 | D70: =IF(LEFT(D24,1) = "<",0, IF(ISBLANK(D24),"",D24)) -> 54036.733 | E70: =IF(LEFT(E24,1) = "<",0, IF(ISBLANK(E24),"",E24)) -> 120 | F70: =IF(LEFT(F24,1) = "<",0, IF(ISBLANK(F24),"",F24)) -> 3640.8804 | G70: =IF(LEFT(G24,1) = "<",0, IF(ISBLANK(G24),"",G24)) | H70: =IF(LEFT(H24,1) = "<",0, IF(ISBLANK(H24),"",H24)) | I70: =IF(LEFT(I24,1) = "<",0, IF(ISBLANK(I24),"",I24)) | ... N70: =IF(LEFT(N24,1) = "<",0, IF(ISBLANK(N24),"",N24)) -> 2
A71: Calc: 7 | B71: =IF(LEFT(B25,1) = "<",0, IF(ISBLANK(B25),"",B25)) -> 3.40422 | C71: =IF(LEFT(C25,1) = "<",0, IF(ISBLANK(C25),"",C25)) -> 1509 | D71: =IF(LEFT(D25,1) = "<",0, IF(ISBLANK(D25),"",D25)) -> 42842.313 | E71: =IF(LEFT(E25,1) = "<",0, IF(ISBLANK(E25),"",E25)) -> 165 | F71: =IF(LEFT(F25,1) = "<",0, IF(ISBLANK(F25),"",F25)) -> 4684.5471 | G71: =IF(LEFT(G25,1) = "<",0, IF(ISBLANK(G25),"",G25)) | H71: =IF(LEFT(H25,1) = "<",0, IF(ISBLANK(H25),"",H25)) | I71: =IF(LEFT(I25,1) = "<",0, IF(ISBLANK(I25),"",I25)) | ... N71: =IF(LEFT(N25,1) = "<",0, IF(ISBLANK(N25),"",N25)) -> 10.9
A72: Calc: 8 | B72: =IF(LEFT(B26,1) = "<",0, IF(ISBLANK(B26),"",B26)) -> 3.34262 | C72: =IF(LEFT(C26,1) = "<",0, IF(ISBLANK(C26),"",C26)) -> 1473 | D72: =IF(LEFT(D26,1) = "<",0, IF(ISBLANK(D26),"",D26)) -> 41063.485 | E72: =IF(LEFT(E26,1) = "<",0, IF(ISBLANK(E26),"",E26)) -> 715 | F72: =IF(LEFT(F26,1) = "<",0, IF(ISBLANK(F26),"",F26)) -> 19932.377 | G72: =IF(LEFT(G26,1) = "<",0, IF(ISBLANK(G26),"",G26)) -> 80.6 | H72: =IF(LEFT(H26,1) = "<",0, IF(ISBLANK(H26),"",H26)) -> 2246.9225 | I72: =IF(LEFT(I26,1) = "<",0, IF(ISBLANK(I26),"",I26)) -> 79 | ... N72: =IF(LEFT(N26,1) = "<",0, IF(ISBLANK(N26),"",N26)) -> 2.2
A73: Calc: 9 | B73: =IF(LEFT(B27,1) = "<",0, IF(ISBLANK(B27),"",B27)) -> 3.19749 | C73: =IF(LEFT(C27,1) = "<",0, IF(ISBLANK(C27),"",C27)) -> 1536 | D73: =IF(LEFT(D27,1) = "<",0, IF(ISBLANK(D27),"",D27)) -> 40960.614 | E73: =IF(LEFT(E27,1) = "<",0, IF(ISBLANK(E27),"",E27)) -> 200 | F73: =IF(LEFT(F27,1) = "<",0, IF(ISBLANK(F27),"",F27)) -> 5333.4133 | G73: =IF(LEFT(G27,1) = "<",0, IF(ISBLANK(G27),"",G27)) | H73: =IF(LEFT(H27,1) = "<",0, IF(ISBLANK(H27),"",H27)) | I73: =IF(LEFT(I27,1) = "<",0, IF(ISBLANK(I27),"",I27)) | ... N73: =IF(LEFT(N27,1) = "<",0, IF(ISBLANK(N27),"",N27)) -> 7.2
A74: Calc: 10 | B74: =IF(LEFT(B28,1) = "<",0, IF(ISBLANK(B28),"",B28)) -> 3.39442 | C74: =IF(LEFT(C28,1) = "<",0, IF(ISBLANK(C28),"",C28)) -> 1830 | D74: =IF(LEFT(D28,1) = "<",0, IF(ISBLANK(D28),"",D28)) -> 51806.317 | E74: =IF(LEFT(E28,1) = "<",0, IF(ISBLANK(E28),"",E28)) -> 120 | F74: =IF(LEFT(F28,1) = "<",0, IF(ISBLANK(F28),"",F28)) -> 3397.1355 | G74: =IF(LEFT(G28,1) = "<",0, IF(ISBLANK(G28),"",G28)) | H74: =IF(LEFT(H28,1) = "<",0, IF(ISBLANK(H28),"",H28)) | I74: =IF(LEFT(I28,1) = "<",0, IF(ISBLANK(I28),"",I28)) | ... N74: =IF(LEFT(N28,1) = "<",0, IF(ISBLANK(N28),"",N28)) -> 1.9
A75: Calc: 11 | B75: =IF(LEFT(B29,1) = "<",0, IF(ISBLANK(B29),"",B29)) -> 3.76698 | C75: =IF(LEFT(C29,1) = "<",0, IF(ISBLANK(C29),"",C29)) -> 1332 | D75: =IF(LEFT(D29,1) = "<",0, IF(ISBLANK(D29),"",D29)) -> 41846.929 | E75: =IF(LEFT(E29,1) = "<",0, IF(ISBLANK(E29),"",E29)) -> 165 | F75: =IF(LEFT(F29,1) = "<",0, IF(ISBLANK(F29),"",F29)) -> 5183.7412 | G75: =IF(LEFT(G29,1) = "<",0, IF(ISBLANK(G29),"",G29)) | H75: =IF(LEFT(H29,1) = "<",0, IF(ISBLANK(H29),"",H29)) | I75: =IF(LEFT(I29,1) = "<",0, IF(ISBLANK(I29),"",I29)) | ... N75: =IF(LEFT(N29,1) = "<",0, IF(ISBLANK(N29),"",N29)) -> 12.3
A76: Calc: 12 | B76: =IF(LEFT(B30,1) = "<",0, IF(ISBLANK(B30),"",B30)) -> 3.5077 | C76: =IF(LEFT(C30,1) = "<",0, IF(ISBLANK(C30),"",C30)) -> 3090 | D76: =IF(LEFT(D30,1) = "<",0, IF(ISBLANK(D30),"",D30)) -> 90395.534 | E76: =IF(LEFT(E30,1) = "<",0, IF(ISBLANK(E30),"",E30)) -> 880 | F76: =IF(LEFT(F30,1) = "<",0, IF(ISBLANK(F30),"",F30)) -> 25743.712 | G76: =IF(LEFT(G30,1) = "<",0, IF(ISBLANK(G30),"",G30)) | H76: =IF(LEFT(H30,1) = "<",0, IF(ISBLANK(H30),"",H30)) | I76: =IF(LEFT(I30,1) = "<",0, IF(ISBLANK(I30),"",I30)) | ... N76: =IF(LEFT(N30,1) = "<",0, IF(ISBLANK(N30),"",N30)) -> 11.3
... A95: Calc: 31 | B95: =IF(LEFT(B49,1) = "<",0, IF(ISBLANK(B49),"",B49)) -> 3.74302 | C95: =IF(LEFT(C49,1) = "<",0, IF(ISBLANK(C49),"",C49)) -> 1895 | D95: =IF(LEFT(D49,1) = "<",0, IF(ISBLANK(D49),"",D49)) -> 59155.811 | E95: =IF(LEFT(E49,1) = "<",0, IF(ISBLANK(E49),"",E49)) -> 100 | F95: =IF(LEFT(F49,1) = "<",0, IF(ISBLANK(F49),"",F49)) -> 3121.6787 | G95: =IF(LEFT(G49,1) = "<",0, IF(ISBLANK(G49),"",G49)) | H95: =IF(LEFT(H49,1) = "<",0, IF(ISBLANK(H49),"",H49)) | I95: =IF(LEFT(I49,1) = "<",0, IF(ISBLANK(I49),"",I49)) | ... N95: =IF(LEFT(N49,1) = "<",0, IF(ISBLANK(N49),"",N49)) -> 3.4
B96: =IF(LEFT(B50,1) = "<",0, IF(ISBLANK(B50),"",B50)) | C96: =IF(LEFT(C50,1) = "<",0, IF(ISBLANK(C50),"",C50)) | D96: =IF(LEFT(D50,1) = "<",0, IF(ISBLANK(D50),"",D50)) | E96: =IF(LEFT(E50,1) = "<",0, IF(ISBLANK(E50),"",E50)) | F96: =IF(LEFT(F50,1) = "<",0, IF(ISBLANK(F50),"",F50)) | G96: =IF(LEFT(G50,1) = "<",0, IF(ISBLANK(G50),"",G50)) | H96: =IF(LEFT(H50,1) = "<",0, IF(ISBLANK(H50),"",H50)) | I96: =IF(LEFT(I50,1) = "<",0, IF(ISBLANK(I50),"",I50)) | ... N96: =IF(LEFT(N50,1) = "<",0, IF(ISBLANK(N50),"",N50))

Sheet 012-EFFLUENT
A1: Permit # | B1: 5640101 | E1: Monthly Operation Report IOWA DEPARTMENT OF NATURAL RESOURCES NPDS - Operation Permit System EFFLUENT Data | F1: Monthly Operation Report IOWA DEPARTMENT OF NATURAL RESOURCES NPDS - Operation Permit System EFFLUENT Data | G1: Monthly Operation Report IOWA DEPARTMENT OF NATURAL RESOURCES NPDS - Operation Permit System EFFLUENT Data
A2: Facility Name: | B2: ROQUETTE AMERICA, INC. | C2: ROQUETTE AMERICA, INC. | D2: ROQUETTE AMERICA, INC. | E2: Monthly Operation Report IOWA DEPARTMENT OF NATURAL RESOURCES NPDS - Operation Permit System EFFLUENT Data | F2: Monthly Operation Report IOWA DEPARTMENT OF NATURAL RESOURCES NPDS - Operation Permit System EFFLUENT Data | G2: Monthly Operation Report IOWA DEPARTMENT OF NATURAL RESOURCES NPDS - Operation Permit System EFFLUENT Data
B3: ROQUETTE AMERICA, INC. | C3: ROQUETTE AMERICA, INC. | D3: ROQUETTE AMERICA, INC. | E3: Monthly Operation Report IOWA DEPARTMENT OF NATURAL RESOURCES NPDS - Operation Permit System EFFLUENT Data | F3: Monthly Operation Report IOWA DEPARTMENT OF NATURAL RESOURCES NPDS - Operation Permit System EFFLUENT Data | G3: Monthly Operation Report IOWA DEPARTMENT OF NATURAL RESOURCES NPDS - Operation Permit System EFFLUENT Data
E4: Monthly Operation Report IOWA DEPARTMENT OF NATURAL RESOURCES NPDS - Operation Permit System EFFLUENT Data | F4: Monthly Operation Report IOWA DEPARTMENT OF NATURAL RESOURCES NPDS - Operation Permit System EFFLUENT Data | G4: Monthly Operation Report IOWA DEPARTMENT OF NATURAL RESOURCES NPDS - Operation Permit System EFFLUENT Data
A5: Outfall #: | B5: 012
A6: Month/Year: | B6: =Cover!C13 & "-" & Cover!D13 -> 12-2025
A9: Mon. Point | B9: FINAL EFFLUENT FROM WASTEWATER SAMPLING BUILDING AT WWTP | C9: FINAL EFFLUENT FROM WASTEWATER SAMPLING BUILDING AT WWTP | D9: FINAL EFFLUENT FROM WASTEWATER SAMPLING BUILDING AT WWTP | E9: FINAL EFFLUENT FROM WASTEWATER SAMPLING BUILDING AT WWTP | F9: FINAL EFFLUENT FROM WASTEWATER SAMPLING BUILDING AT WWTP | G9: FINAL EFFLUENT FROM WASTEWATER SAMPLING BUILDING AT WWTP | H9: FINAL EFFLUENT FROM WASTEWATER SAMPLING BUILDING AT WWTP | I9: FINAL EFFLUENT FROM WASTEWATER SAMPLING BUILDING AT WWTP | J9: FINAL EFFLUENT FROM WASTEWATER SAMPLING BUILDING AT WWTP | K9: FINAL EFFLUENT FROM WASTEWATER SAMPLING BUILDING AT WWTP | L9: FINAL EFFLUENT FROM WASTEWATER SAMPLING BUILDING AT WWTP | M9: FINAL EFFLUENT FROM WASTEWATER SAMPLING BUILDING AT WWTP | N9: FINAL EFFLUENT FROM WASTEWATER SAMPLING BUILDING AT WWTP | O9: FINAL EFFLUENT FROM WASTEWATER SAMPLING BUILDING AT WWTP | P9: FINAL EFFLUENT FROM WASTEWATER SAMPLING BUILDING AT WWTP | Q9: FINAL EFFLUENT FROM WASTEWATER SAMPLING BUILDING AT WWTP | R9: FINAL EFFLUENT FROM WASTEWATER SAMPLING BUILDING AT WWTP | S9: FINAL EFFLUENT FROM WASTEWATER SAMPLING BUILDING AT WWTP | T9: FINAL EFFLUENT FROM WASTEWATER SAMPLING BUILDING AT WWTP | U9: FINAL EFFLUENT FROM WASTEWATER SAMPLING BUILDING AT WWTP | V9: FINAL EFFLUENT FROM WASTEWATER SAMPLING BUILDING AT WWTP | W9: CALCULATION REPORTED ANNUALLY ON DMR | X9: CALCULATION REPORTED ANNUALLY ON DMR
A10: Parameter | B10: FLOW | C10: BOD5 | D10: BOD5 | E10: TSS | F10: TSS | G10: NH3-N | H10: NH3-N | I10: TRC | J10: TRC | K10: NI | L10: NI | M10: TOT-N | N10: TOT-N | O10: PHOS | P10: PHOS | Q10: TEMP | R10: PHENOL | S10: PHENOL | T10: TOX CER | U10: TOX PIM | V10: PH | W10: ANN AVG N | X10: ANN AVG P
A11: Units | B11: MGD | C11: MG/L | D11: LBS/DAY | E11: MG/L | F11: LBS/DAY | G11: MG/L | H11: LBS/DAY | I11: MG/L | J11: LBS/DAY | K11: MG/L | L11: LBS/DAY | M11: MG/L | N11: LBS/DAY | O11: MG/L | P11: LBS/DAY | Q11: FAHRENHEIT | R11: MG/L | S11: LBS/DAY | T11: NO TOXICITY | U11: NO TOXICITY | V11: STD UNITS | W11: LBS/DAY | X11: LBS/DAY
A12: Frequency | B12: 7/WEEK OR DAILY | C12: 7/WEEK OR DAILY | D12: 7/WEEK OR DAILY | E12: 7/WEEK OR DAILY | F12: 7/WEEK OR DAILY | G12: 7/WEEK OR DAILY | H12: 7/WEEK OR DAILY | I12: 7/WEEK OR DAILY | J12: 7/WEEK OR DAILY | K12: 1 EVERY 3 MONTHS | L12: 1 EVERY 3 MONTHS | M12: 1 TIME PER WEEK | N12: 1 TIME PER WEEK | O12: 1 TIME PER WEEK | P12: 1 TIME PER WEEK | Q12: 7/WEEK OR DAILY | R12: 1 EVERY 3 MONTHS | S12: 1 EVERY 3 MONTHS | T12: 1 EVERY 12 MONTHS | U12: 1 EVERY 12 MONTHS | V12: 7/WEEK OR DAILY | W12: 1 EVERY 12 MONTHS | X12: 1 EVERY 12 MONTHS
A13: Start Date | B13: Permit Duration | C13: Permit Duration | D13: Permit Duration | E13: Permit Duration | F13: Permit Duration | G13: Permit Duration | H13: Permit Duration | I13: Permit Duration | J13: Permit Duration | K13: Permit Duration | L13: Permit Duration | M13: Permit Duration | N13: Permit Duration | O13: Permit Duration | P13: Permit Duration | Q13: Permit Duration | R13: Permit Duration | S13: Permit Duration | T13: Permit Duration | U13: Permit Duration | V13: Permit Duration | W13: Permit Duration | X13: Permit Duration
A14: End Date | B14: Permit Duration | C14: Permit Duration | D14: Permit Duration | E14: Permit Duration | F14: Permit Duration | G14: Permit Duration | H14: Permit Duration | I14: Permit Duration | J14: Permit Duration | K14: Permit Duration | L14: Permit Duration | M14: Permit Duration | N14: Permit Duration | O14: Permit Duration | P14: Permit Duration | Q14: Permit Duration | R14: Permit Duration | S14: Permit Duration | T14: Permit Duration | U14: Permit Duration | V14: Permit Duration | W14: Permit Duration | X14: Permit Duration
A15: No Discharge | K15: 05 - NO DETECTION | L15: 05 - NO DETECTION | R15: 13 - NO DISCHARGE | S15: 13 - NO DISCHARGE
A16: LOQ
A17: MonReq ID | B17: 142695 | C17: 142696 | D17: 142696 | E17: 142697 | F17: 142697 | G17: 142698 | H17: 142698 | I17: 142773 | J17: 142773 | K17: 142781 | L17: 142781 | M17: 142771 | N17: 142771 | O17: 142772 | P17: 142772 | Q17: 142700 | R17: 142759 | S17: 142759 | T17: 142761 | U17: 142762 | V17: 142699 | W17: 142789 | X17: 142790
A18: UnitID | B18: 157 | C18: 162 | D18: 164 | E18: 162 | F18: 164 | G18: 162 | H18: 164 | I18: 162 | J18: 164 | K18: 162 | L18: 164 | M18: 162 | N18: 164 | O18: 162 | P18: 164 | Q18: 159 | R18: 162 | S18: 164 | T18: 173 | U18: 173 | V18: 156 | W18: 164 | X18: 164
A19: Day: 1 | B19: 3.12 | C19: 27.23 | D19: =IF(LEFT(C19,1)="<","<",IF(AND(ISNUMBER('012-EFFLUENT'!B65),ISNUMBER(C65)),SUM(('012-EFFLUENT'!B65 * C65) * 8.34),"")) -> 708.54638 | E19: 28 | F19: =IF(LEFT(E19,1)="<","<",IF(AND(ISNUMBER('012-EFFLUENT'!B65),ISNUMBER(E65)),SUM(('012-EFFLUENT'!B65 * E65) * 8.34),"")) -> 728.5824 | G19: 0.23 | H19: =IF(LEFT(G19,1)="<","<",IF(AND(ISNUMBER('012-EFFLUENT'!B65),ISNUMBER(G65)),SUM(('012-EFFLUENT'!B65 * G65) * 8.34),"")) -> 5.984784 | I19: 0.05 | J19: =IF(LEFT(I19,1)="<","<",IF(AND(ISNUMBER('012-EFFLUENT'!B65),ISNUMBER(I65)),SUM(('012-EFFLUENT'!B65 * I65) * 8.34),"")) -> 1.30104 | K19: 1.56 | L19: =IF(LEFT(K19,1)="<","<",IF(AND(ISNUMBER('012-EFFLUENT'!B65),ISNUMBER(K65)),SUM(('012-EFFLUENT'!B65 * K65) * 8.34),"")) -> 40.592448 | N19: =IF(LEFT(M19,1)="<","<",IF(AND(ISNUMBER('012-EFFLUENT'!B65),ISNUMBER(M65)),SUM(('012-EFFLUENT'!B65 * M65) * 8.34),"")) | P19: =IF(LEFT(O19,1)="<","<",IF(AND(ISNUMBER('012-EFFLUENT'!B65),ISNUMBER(O65)),SUM(('012-EFFLUENT'!B65 * O65) * 8.34),"")) | Q19: 68 | R19: <0.00 | S19: =IF(LEFT(R19,1)="<","<",IF(AND(ISNUMBER('012-EFFLUENT'!B65),ISNUMBER(R65)),SUM(('012-EFFLUENT'!B65 * R65) * 8.34),"")) -> < | T19: 1 | U19: 1 | V19: 5.7
A20: 2 | B20: 3.19 | C20: 22.26 | D20: =IF(LEFT(C20,1)="<","<",IF(AND(ISNUMBER('012-EFFLUENT'!B66),ISNUMBER(C66)),SUM(('012-EFFLUENT'!B66 * C66) * 8.34),"")) -> 592.2184 | E20: 16 | F20: =IF(LEFT(E20,1)="<","<",IF(AND(ISNUMBER('012-EFFLUENT'!B66),ISNUMBER(E66)),SUM(('012-EFFLUENT'!B66 * E66) * 8.34),"")) -> 425.6736 | G20: 1.21 | H20: =IF(LEFT(G20,1)="<","<",IF(AND(ISNUMBER('012-EFFLUENT'!B66),ISNUMBER(G66)),SUM(('012-EFFLUENT'!B66 * G66) * 8.34),"")) -> 32.191566 | I20: 0.01 | J20: =IF(LEFT(I20,1)="<","<",IF(AND(ISNUMBER('012-EFFLUENT'!B66),ISNUMBER(I66)),SUM(('012-EFFLUENT'!B66 * I66) * 8.34),"")) -> 0.266046 | K20: <0.05 | L20: =IF(LEFT(K20,1)="<","<",IF(AND(ISNUMBER('012-EFFLUENT'!B66),ISNUMBER(K66)),SUM(('012-EFFLUENT'!B66 * K66) * 8.34),"")) -> < | M20: 5.36 | N20: =IF(LEFT(M20,1)="<","<",IF(AND(ISNUMBER('012-EFFLUENT'!B66),ISNUMBER(M66)),SUM(('012-EFFLUENT'!B66 * M66) * 8.34),"")) -> 142.60066 | O20: 0.58 | P20: =IF(LEFT(O20,1)="<","<",IF(AND(ISNUMBER('012-EFFLUENT'!B66),ISNUMBER(O66)),SUM(('012-EFFLUENT'!B66 * O66) * 8.34),"")) -> 15.430668 | Q20: 69 | R20: <0.00 | S20: =IF(LEFT(R20,1)="<","<",IF(AND(ISNUMBER('012-EFFLUENT'!B66),ISNUMBER(R66)),SUM(('012-EFFLUENT'!B66 * R66) * 8.34),"")) -> < | V20: 7.15
A21: 3 | B21: 3.19 | C21: 17.03 | D21: =IF(LEFT(C21,1)="<","<",IF(AND(ISNUMBER('012-EFFLUENT'!B67),ISNUMBER(C67)),SUM(('012-EFFLUENT'!B67 * C67) * 8.34),"")) -> 453.07634 | E21: 11 | F21: =IF(LEFT(E21,1)="<","<",IF(AND(ISNUMBER('012-EFFLUENT'!B67),ISNUMBER(E67)),SUM(('012-EFFLUENT'!B67 * E67) * 8.34),"")) -> 292.6506 | G21: 0.75 | H21: =IF(LEFT(G21,1)="<","<",IF(AND(ISNUMBER('012-EFFLUENT'!B67),ISNUMBER(G67)),SUM(('012-EFFLUENT'!B67 * G67) * 8.34),"")) -> 19.95345 | I21: 0.02 | J21: =IF(LEFT(I21,1)="<","<",IF(AND(ISNUMBER('012-EFFLUENT'!B67),ISNUMBER(I67)),SUM(('012-EFFLUENT'!B67 * I67) * 8.34),"")) -> 0.532092 | K21: <0.05 | L21: =IF(LEFT(K21,1)="<","<",IF(AND(ISNUMBER('012-EFFLUENT'!B67),ISNUMBER(K67)),SUM(('012-EFFLUENT'!B67 * K67) * 8.34),"")) -> < | N21: =IF(LEFT(M21,1)="<","<",IF(AND(ISNUMBER('012-EFFLUENT'!B67),ISNUMBER(M67)),SUM(('012-EFFLUENT'!B67 * M67) * 8.34),"")) | P21: =IF(LEFT(O21,1)="<","<",IF(AND(ISNUMBER('012-EFFLUENT'!B67),ISNUMBER(O67)),SUM(('012-EFFLUENT'!B67 * O67) * 8.34),"")) | Q21: 69.4 | R21: <0.00 | S21: =IF(LEFT(R21,1)="<","<",IF(AND(ISNUMBER('012-EFFLUENT'!B67),ISNUMBER(R67)),SUM(('012-EFFLUENT'!B67 * R67) * 8.34),"")) -> < | V21: 7.63
A22: 4 | B22: 4.5 | C22: 34.08 | D22: =IF(LEFT(C22,1)="<","<",IF(AND(ISNUMBER('012-EFFLUENT'!B68),ISNUMBER(C68)),SUM(('012-EFFLUENT'!B68 * C68) * 8.34),"")) -> 1279.0224 | E22: 13 | F22: =IF(LEFT(E22,1)="<","<",IF(AND(ISNUMBER('012-EFFLUENT'!B68),ISNUMBER(E68)),SUM(('012-EFFLUENT'!B68 * E68) * 8.34),"")) -> 487.89 | G22: 0.23 | H22: =IF(LEFT(G22,1)="<","<",IF(AND(ISNUMBER('012-EFFLUENT'!B68),ISNUMBER(G68)),SUM(('012-EFFLUENT'!B68 * G68) * 8.34),"")) -> 8.6319 | I22: 0.01 | J22: =IF(LEFT(I22,1)="<","<",IF(AND(ISNUMBER('012-EFFLUENT'!B68),ISNUMBER(I68)),SUM(('012-EFFLUENT'!B68 * I68) * 8.34),"")) -> 0.3753 | K22: <0.05 | L22: =IF(LEFT(K22,1)="<","<",IF(AND(ISNUMBER('012-EFFLUENT'!B68),ISNUMBER(K68)),SUM(('012-EFFLUENT'!B68 * K68) * 8.34),"")) -> < | N22: =IF(LEFT(M22,1)="<","<",IF(AND(ISNUMBER('012-EFFLUENT'!B68),ISNUMBER(M68)),SUM(('012-EFFLUENT'!B68 * M68) * 8.34),"")) | P22: =IF(LEFT(O22,1)="<","<",IF(AND(ISNUMBER('012-EFFLUENT'!B68),ISNUMBER(O68)),SUM(('012-EFFLUENT'!B68 * O68) * 8.34),"")) | Q22: 62.2 | R22: <0.00 | S22: =IF(LEFT(R22,1)="<","<",IF(AND(ISNUMBER('012-EFFLUENT'!B68),ISNUMBER(R68)),SUM(('012-EFFLUENT'!B68 * R68) * 8.34),"")) -> < | V22: 7.71
A23: 5 | B23: 4.1 | C23: 36.72 | D23: =IF(LEFT(C23,1)="<","<",IF(AND(ISNUMBER('012-EFFLUENT'!B69),ISNUMBER(C69)),SUM(('012-EFFLUENT'!B69 * C69) * 8.34),"")) -> 1255.6037 | E23: 21 | F23: =IF(LEFT(E23,1)="<","<",IF(AND(ISNUMBER('012-EFFLUENT'!B69),ISNUMBER(E69)),SUM(('012-EFFLUENT'!B69 * E69) * 8.34),"")) -> 718.074 | G23: 0.7 | H23: =IF(LEFT(G23,1)="<","<",IF(AND(ISNUMBER('012-EFFLUENT'!B69),ISNUMBER(G69)),SUM(('012-EFFLUENT'!B69 * G69) * 8.34),"")) -> 23.9358 | I23: 0.01 | J23: =IF(LEFT(I23,1)="<","<",IF(AND(ISNUMBER('012-EFFLUENT'!B69),ISNUMBER(I69)),SUM(('012-EFFLUENT'!B69 * I69) * 8.34),"")) -> 0.34194 | K23: <0.05 | L23: =IF(LEFT(K23,1)="<","<",IF(AND(ISNUMBER('012-EFFLUENT'!B69),ISNUMBER(K69)),SUM(('012-EFFLUENT'!B69 * K69) * 8.34),"")) -> < | N23: =IF(LEFT(M23,1)="<","<",IF(AND(ISNUMBER('012-EFFLUENT'!B69),ISNUMBER(M69)),SUM(('012-EFFLUENT'!B69 * M69) * 8.34),"")) | P23: =IF(LEFT(O23,1)="<","<",IF(AND(ISNUMBER('012-EFFLUENT'!B69),ISNUMBER(O69)),SUM(('012-EFFLUENT'!B69 * O69) * 8.34),"")) | Q23: 71 | R23: <0.00 | S23: =IF(LEFT(R23,1)="<","<",IF(AND(ISNUMBER('012-EFFLUENT'!B69),ISNUMBER(R69)),SUM(('012-EFFLUENT'!B69 * R69) * 8.34),"")) -> < | V23: 12.4
A24: 6 | B24: 3.42 | C24: 28.16 | D24: =IF(LEFT(C24,1)="<","<",IF(AND(ISNUMBER('012-EFFLUENT'!B70),ISNUMBER(C70)),SUM(('012-EFFLUENT'!B70 * C70) * 8.34),"")) -> 803.20205 | E24: 56 | F24: =IF(LEFT(E24,1)="<","<",IF(AND(ISNUMBER('012-EFFLUENT'!B70),ISNUMBER(E70)),SUM(('012-EFFLUENT'!B70 * E70) * 8.34),"")) -> 1597.2768 | G24: 0.3 | H24: =IF(LEFT(G24,1)="<","<",IF(AND(ISNUMBER('012-EFFLUENT'!B70),ISNUMBER(G70)),SUM(('012-EFFLUENT'!B70 * G70) * 8.34),"")) -> 8.55684 | I24: 0.01 | J24: =IF(LEFT(I24,1)="<","<",IF(AND(ISNUMBER('012-EFFLUENT'!B70),ISNUMBER(I70)),SUM(('012-EFFLUENT'!B70 * I70) * 8.34),"")) -> 0.285228 | K24: <0.05 | L24: =IF(LEFT(K24,1)="<","<",IF(AND(ISNUMBER('012-EFFLUENT'!B70),ISNUMBER(K70)),SUM(('012-EFFLUENT'!B70 * K70) * 8.34),"")) -> < | N24: =IF(LEFT(M24,1)="<","<",IF(AND(ISNUMBER('012-EFFLUENT'!B70),ISNUMBER(M70)),SUM(('012-EFFLUENT'!B70 * M70) * 8.34),"")) | P24: =IF(LEFT(O24,1)="<","<",IF(AND(ISNUMBER('012-EFFLUENT'!B70),ISNUMBER(O70)),SUM(('012-EFFLUENT'!B70 * O70) * 8.34),"")) | Q24: 75 | R24: <0.00 | S24: =IF(LEFT(R24,1)="<","<",IF(AND(ISNUMBER('012-EFFLUENT'!B70),ISNUMBER(R70)),SUM(('012-EFFLUENT'!B70 * R70) * 8.34),"")) -> < | V24: 7.6
A25: 7 | B25: 3.89 | C25: 3.57 | D25: =IF(LEFT(C25,1)="<","<",IF(AND(ISNUMBER('012-EFFLUENT'!B71),ISNUMBER(C71)),SUM(('012-EFFLUENT'!B71 * C71) * 8.34),"")) -> 115.82008 | E25: 48 | F25: =IF(LEFT(E25,1)="<","<",IF(AND(ISNUMBER('012-EFFLUENT'!B71),ISNUMBER(E71)),SUM(('012-EFFLUENT'!B71 * E71) * 8.34),"")) -> 1557.2448 | G25: 0.36 | H25: =IF(LEFT(G25,1)="<","<",IF(AND(ISNUMBER('012-EFFLUENT'!B71),ISNUMBER(G71)),SUM(('012-EFFLUENT'!B71 * G71) * 8.34),"")) -> 11.679336 | I25: 0.02 | J25: =IF(LEFT(I25,1)="<","<",IF(AND(ISNUMBER('012-EFFLUENT'!B71),ISNUMBER(I71)),SUM(('012-EFFLUENT'!B71 * I71) * 8.34),"")) -> 0.648852 | K25: <0.05 | L25: =IF(LEFT(K25,1)="<","<",IF(AND(ISNUMBER('012-EFFLUENT'!B71),ISNUMBER(K71)),SUM(('012-EFFLUENT'!B71 * K71) * 8.34),"")) -> < | N25: =IF(LEFT(M25,1)="<","<",IF(AND(ISNUMBER('012-EFFLUENT'!B71),ISNUMBER(M71)),SUM(('012-EFFLUENT'!B71 * M71) * 8.34),"")) | P25: =IF(LEFT(O25,1)="<","<",IF(AND(ISNUMBER('012-EFFLUENT'!B71),ISNUMBER(O71)),SUM(('012-EFFLUENT'!B71 * O71) * 8.34),"")) | Q25: 75 | R25: <0.00 | S25: =IF(LEFT(R25,1)="<","<",IF(AND(ISNUMBER('012-EFFLUENT'!B71),ISNUMBER(R71)),SUM(('012-EFFLUENT'!B71 * R71) * 8.34),"")) -> < | V25: 7.4
A26: 8 | B26: 4.08 | C26: 60.34 | D26: =IF(LEFT(C26,1)="<","<",IF(AND(ISNUMBER('012-EFFLUENT'!B72),ISNUMBER(C72)),SUM(('012-EFFLUENT'!B72 * C72) * 8.34),"")) -> 2053.2012 | E26: 37 | F26: =IF(LEFT(E26,1)="<","<",IF(AND(ISNUMBER('012-EFFLUENT'!B72),ISNUMBER(E72)),SUM(('012-EFFLUENT'!B72 * E72) * 8.34),"")) -> 1259.0064 | G26: 0.21 | H26: =IF(LEFT(G26,1)="<","<",IF(AND(ISNUMBER('012-EFFLUENT'!B72),ISNUMBER(G72)),SUM(('012-EFFLUENT'!B72 * G72) * 8.34),"")) -> 7.145712 | I26: 0.02 | J26: =IF(LEFT(I26,1)="<","<",IF(AND(ISNUMBER('012-EFFLUENT'!B72),ISNUMBER(I72)),SUM(('012-EFFLUENT'!B72 * I72) * 8.34),"")) -> 0.680544 | K26: <0.05 | L26: =IF(LEFT(K26,1)="<","<",IF(AND(ISNUMBER('012-EFFLUENT'!B72),ISNUMBER(K72)),SUM(('012-EFFLUENT'!B72 * K72) * 8.34),"")) -> < | M26: 10.36 | N26: =IF(LEFT(M26,1)="<","<",IF(AND(ISNUMBER('012-EFFLUENT'!B72),ISNUMBER(M72)),SUM(('012-EFFLUENT'!B72 * M72) * 8.34),"")) -> 352.52179 | O26: 1.4 | P26: =IF(LEFT(O26,1)="<","<",IF(AND(ISNUMBER('012-EFFLUENT'!B72),ISNUMBER(O72)),SUM(('012-EFFLUENT'!B72 * O72) * 8.34),"")) -> 47.63808 | Q26: 72 | R26: <0.00 | S26: =IF(LEFT(R26,1)="<","<",IF(AND(ISNUMBER('012-EFFLUENT'!B72),ISNUMBER(R72)),SUM(('012-EFFLUENT'!B72 * R72) * 8.34),"")) -> < | V26: 7.1
A27: 9 | B27: 4.19 | C27: 39.51 | D27: =IF(LEFT(C27,1)="<","<",IF(AND(ISNUMBER('012-EFFLUENT'!B73),ISNUMBER(C73)),SUM(('012-EFFLUENT'!B73 * C73) * 8.34),"")) -> 1380.6611 | E27: 21 | F27: =IF(LEFT(E27,1)="<","<",IF(AND(ISNUMBER('012-EFFLUENT'!B73),ISNUMBER(E73)),SUM(('012-EFFLUENT'!B73 * E73) * 8.34),"")) -> 733.8366 | G27: 0.32 | H27: =IF(LEFT(G27,1)="<","<",IF(AND(ISNUMBER('012-EFFLUENT'!B73),ISNUMBER(G73)),SUM(('012-EFFLUENT'!B73 * G73) * 8.34),"")) -> 11.182272 | I27: 0.02 | J27: =IF(LEFT(I27,1)="<","<",IF(AND(ISNUMBER('012-EFFLUENT'!B73),ISNUMBER(I73)),SUM(('012-EFFLUENT'!B73 * I73) * 8.34),"")) -> 0.698892 | K27: <0.05 | L27: =IF(LEFT(K27,1)="<","<",IF(AND(ISNUMBER('012-EFFLUENT'!B73),ISNUMBER(K73)),SUM(('012-EFFLUENT'!B73 * K73) * 8.34),"")) -> < | N27: =IF(LEFT(M27,1)="<","<",IF(AND(ISNUMBER('012-EFFLUENT'!B73),ISNUMBER(M73)),SUM(('012-EFFLUENT'!B73 * M73) * 8.34),"")) | P27: =IF(LEFT(O27,1)="<","<",IF(AND(ISNUMBER('012-EFFLUENT'!B73),ISNUMBER(O73)),SUM(('012-EFFLUENT'!B73 * O73) * 8.34),"")) | Q27: 73 | R27: <0.00 | S27: =IF(LEFT(R27,1)="<","<",IF(AND(ISNUMBER('012-EFFLUENT'!B73),ISNUMBER(R73)),SUM(('012-EFFLUENT'!B73 * R73) * 8.34),"")) -> < | V27: 7.1
A28: 10 | B28: 3.68 | C28: 20.09 | D28: =IF(LEFT(C28,1)="<","<",IF(AND(ISNUMBER('012-EFFLUENT'!B74),ISNUMBER(C74)),SUM(('012-EFFLUENT'!B74 * C74) * 8.34),"")) -> 616.58621 | E28: 14 | F28: =IF(LEFT(E28,1)="<","<",IF(AND(ISNUMBER('012-EFFLUENT'!B74),ISNUMBER(E74)),SUM(('012-EFFLUENT'!B74 * E74) * 8.34),"")) -> 429.6768 | G28: 0.24 | H28: =IF(LEFT(G28,1)="<","<",IF(AND(ISNUMBER('012-EFFLUENT'!B74),ISNUMBER(G74)),SUM(('012-EFFLUENT'!B74 * G74) * 8.34),"")) -> 7.365888 | I28: 0.01 | J28: =IF(LEFT(I28,1)="<","<",IF(AND(ISNUMBER('012-EFFLUENT'!B74),ISNUMBER(I74)),SUM(('012-EFFLUENT'!B74 * I74) * 8.34),"")) -> 0.306912 | K28: 0 | L28: =IF(LEFT(K28,1)="<","<",IF(AND(ISNUMBER('012-EFFLUENT'!B74),ISNUMBER(K74)),SUM(('012-EFFLUENT'!B74 * K74) * 8.34),"")) -> 0 | N28: =IF(LEFT(M28,1)="<","<",IF(AND(ISNUMBER('012-EFFLUENT'!B74),ISNUMBER(M74)),SUM(('012-EFFLUENT'!B74 * M74) * 8.34),"")) | P28: =IF(LEFT(O28,1)="<","<",IF(AND(ISNUMBER('012-EFFLUENT'!B74),ISNUMBER(O74)),SUM(('012-EFFLUENT'!B74 * O74) * 8.34),"")) | Q28: 73 | R28: <0.00 | S28: =IF(LEFT(R28,1)="<","<",IF(AND(ISNUMBER('012-EFFLUENT'!B74),ISNUMBER(R74)),SUM(('012-EFFLUENT'!B74 * R74) * 8.34),"")) -> < | V28: 7
A29: 11 | B29: 4.29 | C29: 32.4 | D29: =IF(LEFT(C29,1)="<","<",IF(AND(ISNUMBER('012-EFFLUENT'!B75),ISNUMBER(C75)),SUM(('012-EFFLUENT'!B75 * C75) * 8.34),"")) -> 1159.2266 | E29: 16 | F29: =IF(LEFT(E29,1)="<","<",IF(AND(ISNUMBER('012-EFFLUENT'!B75),ISNUMBER(E75)),SUM(('012-EFFLUENT'!B75 * E75) * 8.34),"")) -> 572.4576 | G29: 0.22 | H29: =IF(LEFT(G29,1)="<","<",IF(AND(ISNUMBER('012-EFFLUENT'!B75),ISNUMBER(G75)),SUM(('012-EFFLUENT'!B75 * G75) * 8.34),"")) -> 7.871292 | I29: 0.02 | J29: =IF(LEFT(I29,1)="<","<",IF(AND(ISNUMBER('012-EFFLUENT'!B75),ISNUMBER(I75)),SUM(('012-EFFLUENT'!B75 * I75) * 8.34),"")) -> 0.715572 | K29: 0 | L29: =IF(LEFT(K29,1)="<","<",IF(AND(ISNUMBER('012-EFFLUENT'!B75),ISNUMBER(K75)),SUM(('012-EFFLUENT'!B75 * K75) * 8.34),"")) -> 0 | N29: =IF(LEFT(M29,1)="<","<",IF(AND(ISNUMBER('012-EFFLUENT'!B75),ISNUMBER(M75)),SUM(('012-EFFLUENT'!B75 * M75) * 8.34),"")) | P29: =IF(LEFT(O29,1)="<","<",IF(AND(ISNUMBER('012-EFFLUENT'!B75),ISNUMBER(O75)),SUM(('012-EFFLUENT'!B75 * O75) * 8.34),"")) | Q29: 72 | R29: <0.00 | S29: =IF(LEFT(R29,1)="<","<",IF(AND(ISNUMBER('012-EFFLUENT'!B75),ISNUMBER(R75)),SUM(('012-EFFLUENT'!B75 * R75) * 8.34),"")) -> < | V29: 7.23
A30: 12 | B30: 3.83 | C30: 33.76 | D30: =IF(LEFT(C30,1)="<","<",IF(AND(ISNUMBER('012-EFFLUENT'!B76),ISNUMBER(C76)),SUM(('012-EFFLUENT'!B76 * C76) * 8.34),"")) -> 1078.3687 | E30: 31 | F30: =IF(LEFT(E30,1)="<","<",IF(AND(ISNUMBER('012-EFFLUENT'!B76),ISNUMBER(E76)),SUM(('012-EFFLUENT'!B76 * E76) * 8.34),"")) -> 990.2082 | G30: 0.21 | H30: =IF(LEFT(G30,1)="<","<",IF(AND(ISNUMBER('012-EFFLUENT'!B76),ISNUMBER(G76)),SUM(('012-EFFLUENT'!B76 * G76) * 8.34),"")) -> 6.707862 | I30: 0.05 | J30: =IF(LEFT(I30,1)="<","<",IF(AND(ISNUMBER('012-EFFLUENT'!B76),ISNUMBER(I76)),SUM(('012-EFFLUENT'!B76 * I76) * 8.34),"")) -> 1.59711 | K30: 0 | L30: =IF(LEFT(K30,1)="<","<",IF(AND(ISNUMBER('012-EFFLUENT'!B76),ISNUMBER(K76)),SUM(('012-EFFLUENT'!B76 * K76) * 8.34),"")) -> 0 | N30: =IF(LEFT(M30,1)="<","<",IF(AND(ISNUMBER('012-EFFLUENT'!B76),ISNUMBER(M76)),SUM(('012-EFFLUENT'!B76 * M76) * 8.34),"")) | P30: =IF(LEFT(O30,1)="<","<",IF(AND(ISNUMBER('012-EFFLUENT'!B76),ISNUMBER(O76)),SUM(('012-EFFLUENT'!B76 * O76) * 8.34),"")) | Q30: 69 | R30: <0.00 | S30: =IF(LEFT(R30,1)="<","<",IF(AND(ISNUMBER('012-EFFLUENT'!B76),ISNUMBER(R76)),SUM(('012-EFFLUENT'!B76 * R76) * 8.34),"")) -> < | V30: 7.1
A31: 13 | B31: 3.98 | C31: 49.37 | D31: =IF(LEFT(C31,1)="<","<",IF(AND(ISNUMBER('012-EFFLUENT'!B77),ISNUMBER(C77)),SUM(('012-EFFLUENT'!B77 * C77) * 8.34),"")) -> 1638.7483 | E31: 12 | F31: =IF(LEFT(E31,1)="<","<",IF(AND(ISNUMBER('012-EFFLUENT'!B77),ISNUMBER(E77)),SUM(('012-EFFLUENT'!B77 * E77) * 8.34),"")) -> 398.3184 | G31: 0.28 | H31: =IF(LEFT(G31,1)="<","<",IF(AND(ISNUMBER('012-EFFLUENT'!B77),ISNUMBER(G77)),SUM(('012-EFFLUENT'!B77 * G77) * 8.34),"")) -> 9.294096 | I31: 0.03 | J31: =IF(LEFT(I31,1)="<","<",IF(AND(ISNUMBER('012-EFFLUENT'!B77),ISNUMBER(I77)),SUM(('012-EFFLUENT'!B77 * I77) * 8.34),"")) -> 0.995796 | K31: 0 | L31: =IF(LEFT(K31,1)="<","<",IF(AND(ISNUMBER('012-EFFLUENT'!B77),ISNUMBER(K77)),SUM(('012-EFFLUENT'!B77 * K77) * 8.34),"")) -> 0 | N31: =IF(LEFT(M31,1)="<","<",IF(AND(ISNUMBER('012-EFFLUENT'!B77),ISNUMBER(M77)),SUM(('012-EFFLUENT'!B77 * M77) * 8.34),"")) | P31: =IF(LEFT(O31,1)="<","<",IF(AND(ISNUMBER('012-EFFLUENT'!B77),ISNUMBER(O77)),SUM(('012-EFFLUENT'!B77 * O77) * 8.34),"")) | Q31: 67 | R31: <0.00 | S31: =IF(LEFT(R31,1)="<","<",IF(AND(ISNUMBER('012-EFFLUENT'!B77),ISNUMBER(R77)),SUM(('012-EFFLUENT'!B77 * R77) * 8.34),"")) -> < | V31: 7.3 | W31: 1 | X31: 1
A32: 14 | B32: 4.45 | C32: 28.46 | D32: =IF(LEFT(C32,1)="<","<",IF(AND(ISNUMBER('012-EFFLUENT'!B78),ISNUMBER(C78)),SUM(('012-EFFLUENT'!B78 * C78) * 8.34),"")) -> 1056.236 | E32: 11 | F32: =IF(LEFT(E32,1)="<","<",IF(AND(ISNUMBER('012-EFFLUENT'!B78),ISNUMBER(E78)),SUM(('012-EFFLUENT'!B78 * E78) * 8.34),"")) -> 408.243 | G32: 0.51 | H32: =IF(LEFT(G32,1)="<","<",IF(AND(ISNUMBER('012-EFFLUENT'!B78),ISNUMBER(G78)),SUM(('012-EFFLUENT'!B78 * G78) * 8.34),"")) -> 18.92763 | I32: 0.02 | J32: =IF(LEFT(I32,1)="<","<",IF(AND(ISNUMBER('012-EFFLUENT'!B78),ISNUMBER(I78)),SUM(('012-EFFLUENT'!B78 * I78) * 8.34),"")) -> 0.74226 | K32: 0 | L32: =IF(LEFT(K32,1)="<","<",IF(AND(ISNUMBER('012-EFFLUENT'!B78),ISNUMBER(K78)),SUM(('012-EFFLUENT'!B78 * K78) * 8.34),"")) -> 0 | N32: =IF(LEFT(M32,1)="<","<",IF(AND(ISNUMBER('012-EFFLUENT'!B78),ISNUMBER(M78)),SUM(('012-EFFLUENT'!B78 * M78) * 8.34),"")) | P32: =IF(LEFT(O32,1)="<","<",IF(AND(ISNUMBER('012-EFFLUENT'!B78),ISNUMBER(O78)),SUM(('012-EFFLUENT'!B78 * O78) * 8.34),"")) | Q32: 65 | R32: <0.00 | S32: =IF(LEFT(R32,1)="<","<",IF(AND(ISNUMBER('012-EFFLUENT'!B78),ISNUMBER(R78)),SUM(('012-EFFLUENT'!B78 * R78) * 8.34),"")) -> < | V32: 7
A33: 15 | B33: 4.09 | C33: 23.16 | D33: =IF(LEFT(C33,1)="<","<",IF(AND(ISNUMBER('012-EFFLUENT'!B79),ISNUMBER(C79)),SUM(('012-EFFLUENT'!B79 * C79) * 8.34),"")) -> 790.0015 | E33: 29 | F33: =IF(LEFT(E33,1)="<","<",IF(AND(ISNUMBER('012-EFFLUENT'!B79),ISNUMBER(E79)),SUM(('012-EFFLUENT'!B79 * E79) * 8.34),"")) -> 989.2074 | G33: 2.25 | H33: =IF(LEFT(G33,1)="<","<",IF(AND(ISNUMBER('012-EFFLUENT'!B79),ISNUMBER(G79)),SUM(('012-EFFLUENT'!B79 * G79) * 8.34),"")) -> 76.74885 | I33: 0.01 | J33: =IF(LEFT(I33,1)="<","<",IF(AND(ISNUMBER('012-EFFLUENT'!B79),ISNUMBER(I79)),SUM(('012-EFFLUENT'!B79 * I79) * 8.34),"")) -> 0.341106 | K33: 0 | L33: =IF(LEFT(K33,1)="<","<",IF(AND(ISNUMBER('012-EFFLUENT'!B79),ISNUMBER(K79)),SUM(('012-EFFLUENT'!B79 * K79) * 8.34),"")) -> 0 | M33: 5.85 | N33: =IF(LEFT(M33,1)="<","<",IF(AND(ISNUMBER('012-EFFLUENT'!B79),ISNUMBER(M79)),SUM(('012-EFFLUENT'!B79 * M79) * 8.34),"")) -> 199.54701 | O33: 0.49 | P33: =IF(LEFT(O33,1)="<","<",IF(AND(ISNUMBER('012-EFFLUENT'!B79),ISNUMBER(O79)),SUM(('012-EFFLUENT'!B79 * O79) * 8.34),"")) -> 16.714194 | Q33: 73 | R33: <0.00 | S33: =IF(LEFT(R33,1)="<","<",IF(AND(ISNUMBER('012-EFFLUENT'!B79),ISNUMBER(R79)),SUM(('012-EFFLUENT'!B79 * R79) * 8.34),"")) -> < | V33: 7
A34: 16 | B34: 4.1 | C34: 12.59 | D34: =IF(LEFT(C34,1)="<","<",IF(AND(ISNUMBER('012-EFFLUENT'!B80),ISNUMBER(C80)),SUM(('012-EFFLUENT'!B80 * C80) * 8.34),"")) -> 430.50246 | E34: 13 | F34: =IF(LEFT(E34,1)="<","<",IF(AND(ISNUMBER('012-EFFLUENT'!B80),ISNUMBER(E80)),SUM(('012-EFFLUENT'!B80 * E80) * 8.34),"")) -> 444.522 | G34: 0.97 | H34: =IF(LEFT(G34,1)="<","<",IF(AND(ISNUMBER('012-EFFLUENT'!B80),ISNUMBER(G80)),SUM(('012-EFFLUENT'!B80 * G80) * 8.34),"")) -> 33.16818 | I34: 0.02 | J34: =IF(LEFT(I34,1)="<","<",IF(AND(ISNUMBER('012-EFFLUENT'!B80),ISNUMBER(I80)),SUM(('012-EFFLUENT'!B80 * I80) * 8.34),"")) -> 0.68388 | K34: 0 | L34: =IF(LEFT(K34,1)="<","<",IF(AND(ISNUMBER('012-EFFLUENT'!B80),ISNUMBER(K80)),SUM(('012-EFFLUENT'!B80 * K80) * 8.34),"")) -> 0 | N34: =IF(LEFT(M34,1)="<","<",IF(AND(ISNUMBER('012-EFFLUENT'!B80),ISNUMBER(M80)),SUM(('012-EFFLUENT'!B80 * M80) * 8.34),"")) | P34: =IF(LEFT(O34,1)="<","<",IF(AND(ISNUMBER('012-EFFLUENT'!B80),ISNUMBER(O80)),SUM(('012-EFFLUENT'!B80 * O80) * 8.34),"")) | Q34: 74 | R34: <0.00 | S34: =IF(LEFT(R34,1)="<","<",IF(AND(ISNUMBER('012-EFFLUENT'!B80),ISNUMBER(R80)),SUM(('012-EFFLUENT'!B80 * R80) * 8.34),"")) -> < | V34: 7.2
A35: 17 | B35: 4.4 | C35: 14.06 | D35: =IF(LEFT(C35,1)="<","<",IF(AND(ISNUMBER('012-EFFLUENT'!B81),ISNUMBER(C81)),SUM(('012-EFFLUENT'!B81 * C81) * 8.34),"")) -> 515.94576 | E35: 21 | F35: =IF(LEFT(E35,1)="<","<",IF(AND(ISNUMBER('012-EFFLUENT'!B81),ISNUMBER(E81)),SUM(('012-EFFLUENT'!B81 * E81) * 8.34),"")) -> 770.616 | G35: 1.7 | H35: =IF(LEFT(G35,1)="<","<",IF(AND(ISNUMBER('012-EFFLUENT'!B81),ISNUMBER(G81)),SUM(('012-EFFLUENT'!B81 * G81) * 8.34),"")) -> 62.3832 | I35: 0.03 | J35: =IF(LEFT(I35,1)="<","<",IF(AND(ISNUMBER('012-EFFLUENT'!B81),ISNUMBER(I81)),SUM(('012-EFFLUENT'!B81 * I81) * 8.34),"")) -> 1.10088 | K35: 0 | L35: =IF(LEFT(K35,1)="<","<",IF(AND(ISNUMBER('012-EFFLUENT'!B81),ISNUMBER(K81)),SUM(('012-EFFLUENT'!B81 * K81) * 8.34),"")) -> 0 | N35: =IF(LEFT(M35,1)="<","<",IF(AND(ISNUMBER('012-EFFLUENT'!B81),ISNUMBER(M81)),SUM(('012-EFFLUENT'!B81 * M81) * 8.34),"")) | P35: =IF(LEFT(O35,1)="<","<",IF(AND(ISNUMBER('012-EFFLUENT'!B81),ISNUMBER(O81)),SUM(('012-EFFLUENT'!B81 * O81) * 8.34),"")) | Q35: 72 | R35: <0.00 | S35: =IF(LEFT(R35,1)="<","<",IF(AND(ISNUMBER('012-EFFLUENT'!B81),ISNUMBER(R81)),SUM(('012-EFFLUENT'!B81 * R81) * 8.34),"")) -> < | V35: 7.4
A36: 18 | B36: 4.98 | C36: 27.23 | D36: =IF(LEFT(C36,1)="<","<",IF(AND(ISNUMBER('012-EFFLUENT'!B82),ISNUMBER(C82)),SUM(('012-EFFLUENT'!B82 * C82) * 8.34),"")) -> 1130.949 | E36: 44 | F36: =IF(LEFT(E36,1)="<","<",IF(AND(ISNUMBER('012-EFFLUENT'!B82),ISNUMBER(E82)),SUM(('012-EFFLUENT'!B82 * E82) * 8.34),"")) -> 1827.4608 | G36: 1.84 | H36: =IF(LEFT(G36,1)="<","<",IF(AND(ISNUMBER('012-EFFLUENT'!B82),ISNUMBER(G82)),SUM(('012-EFFLUENT'!B82 * G82) * 8.34),"")) -> 76.421088 | I36: 0.05 | J36: =IF(LEFT(I36,1)="<","<",IF(AND(ISNUMBER('012-EFFLUENT'!B82),ISNUMBER(I82)),SUM(('012-EFFLUENT'!B82 * I82) * 8.34),"")) -> 2.07666 | K36: 0 | L36: =IF(LEFT(K36,1)="<","<",IF(AND(ISNUMBER('012-EFFLUENT'!B82),ISNUMBER(K82)),SUM(('012-EFFLUENT'!B82 * K82) * 8.34),"")) -> 0 | N36: =IF(LEFT(M36,1)="<","<",IF(AND(ISNUMBER('012-EFFLUENT'!B82),ISNUMBER(M82)),SUM(('012-EFFLUENT'!B82 * M82) * 8.34),"")) | P36: =IF(LEFT(O36,1)="<","<",IF(AND(ISNUMBER('012-EFFLUENT'!B82),ISNUMBER(O82)),SUM(('012-EFFLUENT'!B82 * O82) * 8.34),"")) | Q36: 71 | R36: <0.00 | S36: =IF(LEFT(R36,1)="<","<",IF(AND(ISNUMBER('012-EFFLUENT'!B82),ISNUMBER(R82)),SUM(('012-EFFLUENT'!B82 * R82) * 8.34),"")) -> < | V36: 7.1
A37: 19 | B37: 4.84 | C37: 25.1 | D37: =IF(LEFT(C37,1)="<","<",IF(AND(ISNUMBER('012-EFFLUENT'!B83),ISNUMBER(C83)),SUM(('012-EFFLUENT'!B83 * C83) * 8.34),"")) -> 1013.1766 | E37: 35 | F37: =IF(LEFT(E37,1)="<","<",IF(AND(ISNUMBER('012-EFFLUENT'!B83),ISNUMBER(E83)),SUM(('012-EFFLUENT'!B83 * E83) * 8.34),"")) -> 1412.796 | G37: 3.34 | H37: =IF(LEFT(G37,1)="<","<",IF(AND(ISNUMBER('012-EFFLUENT'!B83),ISNUMBER(G83)),SUM(('012-EFFLUENT'!B83 * G83) * 8.34),"")) -> 134.8211 | I37: 0.02 | J37: =IF(LEFT(I37,1)="<","<",IF(AND(ISNUMBER('012-EFFLUENT'!B83),ISNUMBER(I83)),SUM(('012-EFFLUENT'!B83 * I83) * 8.34),"")) -> 0.807312 | K37: 0 | L37: =IF(LEFT(K37,1)="<","<",IF(AND(ISNUMBER('012-EFFLUENT'!B83),ISNUMBER(K83)),SUM(('012-EFFLUENT'!B83 * K83) * 8.34),"")) -> 0 | N37: =IF(LEFT(M37,1)="<","<",IF(AND(ISNUMBER('012-EFFLUENT'!B83),ISNUMBER(M83)),SUM(('012-EFFLUENT'!B83 * M83) * 8.34),"")) | P37: =IF(LEFT(O37,1)="<","<",IF(AND(ISNUMBER('012-EFFLUENT'!B83),ISNUMBER(O83)),SUM(('012-EFFLUENT'!B83 * O83) * 8.34),"")) | Q37: 79 | R37: <0.00 | S37: =IF(LEFT(R37,1)="<","<",IF(AND(ISNUMBER('012-EFFLUENT'!B83),ISNUMBER(R83)),SUM(('012-EFFLUENT'!B83 * R83) * 8.34),"")) -> < | V37: 7
A38: 20 | B38: 3.92 | C38: 24.68 | D38: =IF(LEFT(C38,1)="<","<",IF(AND(ISNUMBER('012-EFFLUENT'!B84),ISNUMBER(C84)),SUM(('012-EFFLUENT'!B84 * C84) * 8.34),"")) -> 806.8583 | E38: 57 | F38: =IF(LEFT(E38,1)="<","<",IF(AND(ISNUMBER('012-EFFLUENT'!B84),ISNUMBER(E84)),SUM(('012-EFFLUENT'!B84 * E84) * 8.34),"")) -> 1863.4896 | G38: 1.63 | H38: =IF(LEFT(G38,1)="<","<",IF(AND(ISNUMBER('012-EFFLUENT'!B84),ISNUMBER(G84)),SUM(('012-EFFLUENT'!B84 * G84) * 8.34),"")) -> 53.289264 | I38: 0.06 | J38: =IF(LEFT(I38,1)="<","<",IF(AND(ISNUMBER('012-EFFLUENT'!B84),ISNUMBER(I84)),SUM(('012-EFFLUENT'!B84 * I84) * 8.34),"")) -> 1.961568 | K38: 0 | L38: =IF(LEFT(K38,1)="<","<",IF(AND(ISNUMBER('012-EFFLUENT'!B84),ISNUMBER(K84)),SUM(('012-EFFLUENT'!B84 * K84) * 8.34),"")) -> 0 | N38: =IF(LEFT(M38,1)="<","<",IF(AND(ISNUMBER('012-EFFLUENT'!B84),ISNUMBER(M84)),SUM(('012-EFFLUENT'!B84 * M84) * 8.34),"")) | P38: =IF(LEFT(O38,1)="<","<",IF(AND(ISNUMBER('012-EFFLUENT'!B84),ISNUMBER(O84)),SUM(('012-EFFLUENT'!B84 * O84) * 8.34),"")) | Q38: 78 | R38: <0.00 | S38: =IF(LEFT(R38,1)="<","<",IF(AND(ISNUMBER('012-EFFLUENT'!B84),ISNUMBER(R84)),SUM(('012-EFFLUENT'!B84 * R84) * 8.34),"")) -> < | V38: 7.1
A39: 21 | B39: 4.04 | C39: 65.52 | D39: =IF(LEFT(C39,1)="<","<",IF(AND(ISNUMBER('012-EFFLUENT'!B85),ISNUMBER(C85)),SUM(('012-EFFLUENT'!B85 * C85) * 8.34),"")) -> 2207.6047 | E39: 48 | F39: =IF(LEFT(E39,1)="<","<",IF(AND(ISNUMBER('012-EFFLUENT'!B85),ISNUMBER(E85)),SUM(('012-EFFLUENT'!B85 * E85) * 8.34),"")) -> 1617.2928 | G39: 1.09 | H39: =IF(LEFT(G39,1)="<","<",IF(AND(ISNUMBER('012-EFFLUENT'!B85),ISNUMBER(G85)),SUM(('012-EFFLUENT'!B85 * G85) * 8.34),"")) -> 36.726024 | I39: 0.04 | J39: =IF(LEFT(I39,1)="<","<",IF(AND(ISNUMBER('012-EFFLUENT'!B85),ISNUMBER(I85)),SUM(('012-EFFLUENT'!B85 * I85) * 8.34),"")) -> 1.347744 | K39: 0 | L39: =IF(LEFT(K39,1)="<","<",IF(AND(ISNUMBER('012-EFFLUENT'!B85),ISNUMBER(K85)),SUM(('012-EFFLUENT'!B85 * K85) * 8.34),"")) -> 0 | N39: =IF(LEFT(M39,1)="<","<",IF(AND(ISNUMBER('012-EFFLUENT'!B85),ISNUMBER(M85)),SUM(('012-EFFLUENT'!B85 * M85) * 8.34),"")) | P39: =IF(LEFT(O39,1)="<","<",IF(AND(ISNUMBER('012-EFFLUENT'!B85),ISNUMBER(O85)),SUM(('012-EFFLUENT'!B85 * O85) * 8.34),"")) | Q39: 77 | R39: <0.00 | S39: =IF(LEFT(R39,1)="<","<",IF(AND(ISNUMBER('012-EFFLUENT'!B85),ISNUMBER(R85)),SUM(('012-EFFLUENT'!B85 * R85) * 8.34),"")) -> < | V39: 7.2
A40: 22 | B40: 3.75 | C40: 21.04 | D40: =IF(LEFT(C40,1)="<","<",IF(AND(ISNUMBER('012-EFFLUENT'!B86),ISNUMBER(C86)),SUM(('012-EFFLUENT'!B86 * C86) * 8.34),"")) -> 658.026 | E40: 44 | F40: =IF(LEFT(E40,1)="<","<",IF(AND(ISNUMBER('012-EFFLUENT'!B86),ISNUMBER(E86)),SUM(('012-EFFLUENT'!B86 * E86) * 8.34),"")) -> 1376.1 | G40: 117.5 | H40: =IF(LEFT(G40,1)="<","<",IF(AND(ISNUMBER('012-EFFLUENT'!B86),ISNUMBER(G86)),SUM(('012-EFFLUENT'!B86 * G86) * 8.34),"")) -> 3674.8125 | I40: 0.02 | J40: =IF(LEFT(I40,1)="<","<",IF(AND(ISNUMBER('012-EFFLUENT'!B86),ISNUMBER(I86)),SUM(('012-EFFLUENT'!B86 * I86) * 8.34),"")) -> 0.6255 | K40: 0 | L40: =IF(LEFT(K40,1)="<","<",IF(AND(ISNUMBER('012-EFFLUENT'!B86),ISNUMBER(K86)),SUM(('012-EFFLUENT'!B86 * K86) * 8.34),"")) -> 0 | M40: 59.25 | N40: =IF(LEFT(M40,1)="<","<",IF(AND(ISNUMBER('012-EFFLUENT'!B86),ISNUMBER(M86)),SUM(('012-EFFLUENT'!B86 * M86) * 8.34),"")) -> 1853.0438 | O40: 4.5 | P40: =IF(LEFT(O40,1)="<","<",IF(AND(ISNUMBER('012-EFFLUENT'!B86),ISNUMBER(O86)),SUM(('012-EFFLUENT'!B86 * O86) * 8.34),"")) -> 140.7375 | Q40: 79 | R40: <0.00 | S40: =IF(LEFT(R40,1)="<","<",IF(AND(ISNUMBER('012-EFFLUENT'!B86),ISNUMBER(R86)),SUM(('012-EFFLUENT'!B86 * R86) * 8.34),"")) -> < | V40: 7.1
A41: 23 | B41: 4.11 | C41: 38.97 | D41: =IF(LEFT(C41,1)="<","<",IF(AND(ISNUMBER('012-EFFLUENT'!B87),ISNUMBER(C87)),SUM(('012-EFFLUENT'!B87 * C87) * 8.34),"")) -> 1335.7903 | E41: 40 | F41: =IF(LEFT(E41,1)="<","<",IF(AND(ISNUMBER('012-EFFLUENT'!B87),ISNUMBER(E87)),SUM(('012-EFFLUENT'!B87 * E87) * 8.34),"")) -> 1371.096 | G41: 0.92 | H41: =IF(LEFT(G41,1)="<","<",IF(AND(ISNUMBER('012-EFFLUENT'!B87),ISNUMBER(G87)),SUM(('012-EFFLUENT'!B87 * G87) * 8.34),"")) -> 31.535208 | I41: 0.01 | J41: =IF(LEFT(I41,1)="<","<",IF(AND(ISNUMBER('012-EFFLUENT'!B87),ISNUMBER(I87)),SUM(('012-EFFLUENT'!B87 * I87) * 8.34),"")) -> 0.342774 | K41: 0 | L41: =IF(LEFT(K41,1)="<","<",IF(AND(ISNUMBER('012-EFFLUENT'!B87),ISNUMBER(K87)),SUM(('012-EFFLUENT'!B87 * K87) * 8.34),"")) -> 0 | N41: =IF(LEFT(M41,1)="<","<",IF(AND(ISNUMBER('012-EFFLUENT'!B87),ISNUMBER(M87)),SUM(('012-EFFLUENT'!B87 * M87) * 8.34),"")) | P41: =IF(LEFT(O41,1)="<","<",IF(AND(ISNUMBER('012-EFFLUENT'!B87),ISNUMBER(O87)),SUM(('012-EFFLUENT'!B87 * O87) * 8.34),"")) | Q41: 82 | R41: <0.00 | S41: =IF(LEFT(R41,1)="<","<",IF(AND(ISNUMBER('012-EFFLUENT'!B87),ISNUMBER(R87)),SUM(('012-EFFLUENT'!B87 * R87) * 8.34),"")) -> < | V41: 7.1
A42: 24 | B42: 2.52 | C42: 35.56 | D42: =IF(LEFT(C42,1)="<","<",IF(AND(ISNUMBER('012-EFFLUENT'!B88),ISNUMBER(C88)),SUM(('012-EFFLUENT'!B88 * C88) * 8.34),"")) -> 747.35741 | E42: 50 | F42: =IF(LEFT(E42,1)="<","<",IF(AND(ISNUMBER('012-EFFLUENT'!B88),ISNUMBER(E88)),SUM(('012-EFFLUENT'!B88 * E88) * 8.34),"")) -> 1050.84 | G42: 0.46 | H42: =IF(LEFT(G42,1)="<","<",IF(AND(ISNUMBER('012-EFFLUENT'!B88),ISNUMBER(G88)),SUM(('012-EFFLUENT'!B88 * G88) * 8.34),"")) -> 9.667728 | I42: 0.05 | J42: =IF(LEFT(I42,1)="<","<",IF(AND(ISNUMBER('012-EFFLUENT'!B88),ISNUMBER(I88)),SUM(('012-EFFLUENT'!B88 * I88) * 8.34),"")) -> 1.05084 | K42: 0 | L42: =IF(LEFT(K42,1)="<","<",IF(AND(ISNUMBER('012-EFFLUENT'!B88),ISNUMBER(K88)),SUM(('012-EFFLUENT'!B88 * K88) * 8.34),"")) -> 0 | N42: =IF(LEFT(M42,1)="<","<",IF(AND(ISNUMBER('012-EFFLUENT'!B88),ISNUMBER(M88)),SUM(('012-EFFLUENT'!B88 * M88) * 8.34),"")) | P42: =IF(LEFT(O42,1)="<","<",IF(AND(ISNUMBER('012-EFFLUENT'!B88),ISNUMBER(O88)),SUM(('012-EFFLUENT'!B88 * O88) * 8.34),"")) | Q42: 80 | R42: <0.00 | S42: =IF(LEFT(R42,1)="<","<",IF(AND(ISNUMBER('012-EFFLUENT'!B88),ISNUMBER(R88)),SUM(('012-EFFLUENT'!B88 * R88) * 8.34),"")) -> < | V42: 7.3
